<?xml version="1.0" encoding="UTF-8"?><!--Tom White, Kizoom, 9 June 2004Based on an example timetable in the TransXChange Schema User Guide.--><TransXChange xmlns="http://www.transxchange.org.uk/" xmlns:xsi="http://www.w3.org/2001/XMLSchema-instance" xsi:schemaLocation="http://www.transxchange.org.uk/../../TransXChange_general.xsd"  xmlns:apd="http://www.govtalk.gov.uk/people/AddressAndPersonalDetails" xml:lang="en" CreationDateTime="2004-04-14T14:20:00-05:00" ModificationDateTime="2004-04-14T14:20:00-05:00" Modification="new" RevisionNumber="0" FileName="linear_change_jp.xml" SchemaVersion="2.4" RegistrationDocument="false">    <StopPoints>        <AnnotatedStopPointRef>            <StopPointRef>0600000001</StopPointRef>            <CommonName>Suborn Bus Station</CommonName>        </AnnotatedStopPointRef>        <AnnotatedStopPointRef>            <StopPointRef>0600000002</StopPointRef>            <CommonName>Garden Village, Shops</CommonName>        </AnnotatedStopPointRef>        <AnnotatedStopPointRef>            <StopPointRef>0600000003</StopPointRef>            <CommonName>Robridge, Plough</CommonName>        </AnnotatedStopPointRef>        <AnnotatedStopPointRef>            <StopPointRef>0600000004</StopPointRef>            <CommonName>Barford, Red Lion</CommonName>        </AnnotatedStopPointRef>        <AnnotatedStopPointRef>            <StopPointRef>0600000005</StopPointRef>            <CommonName>Egham, Golden Lion</CommonName>        </AnnotatedStopPointRef>    </StopPoints>    <JourneyPatternSections>        <JourneyPatternSection id="js_1">            <JourneyPatternTimingLink id="jptl_1">                <From>                    <Activity>pickUp</Activity>                    <StopPointRef>0600000001</StopPointRef>                    <TimingStatus>PTP</TimingStatus>                </From>                <To>                    <StopPointRef>0600000002</StopPointRef>                    <TimingStatus>PTP</TimingStatus>                </To>                <RunTime>PT40M</RunTime>            </JourneyPatternTimingLink>            <JourneyPatternTimingLink id="jptl_2">                <From>                    <StopPointRef>0600000002</StopPointRef>                    <TimingStatus>PTP</TimingStatus>                </From>                <To>                    <StopPointRef>0600000003</StopPointRef>                    <TimingStatus>PTP</TimingStatus>                </To>                <RunTime>PT20M</RunTime>            </JourneyPatternTimingLink>            <JourneyPatternTimingLink id="jptl_3">                <From>                    <StopPointRef>0600000003</StopPointRef>                    <TimingStatus>PTP</TimingStatus>                </From>                <To>                    <StopPointRef>0600000004</StopPointRef>                    <TimingStatus>PTP</TimingStatus>                </To>                <RunTime>PT10M</RunTime>            </JourneyPatternTimingLink>            <JourneyPatternTimingLink id="jptl_4">                <From>                    <StopPointRef>0600000004</StopPointRef>                    <TimingStatus>PTP</TimingStatus>                </From>                <To>                    <Activity>setDown</Activity>                    <StopPointRef>0600000005</StopPointRef>                    <TimingStatus>PTP</TimingStatus>                </To>                <RunTime>PT10M</RunTime>            </JourneyPatternTimingLink>        </JourneyPatternSection>    </JourneyPatternSections></TransXChange>