<?xml version="1.0" encoding="UTF-8"?><!--Tom White, Kizoom, 9 June 2004Based on an example timetable in the TransXChange Schema User Guide.--><TransXChange xmlns="http://www.transxchange.org.uk/" xmlns:xsi="http://www.w3.org/2001/XMLSchema-instance" xsi:schemaLocation="http://www.transxchange.org.uk/http://www.transxchange.org.uk/schema/2.2a/TransXChange_general.xsd" xmlns:apd="http://www.govtalk.gov.uk/people/AddressAndPersonalDetails" xml:lang="en" CreationDateTime="2004-06-09T14:20:00-05:00" ModificationDateTime="2004-06-09T14:20:00-05:00" Modification="new" RevisionNumber="0" FileName="linear_change.xml" SchemaVersion="2.2a" MappingSystem="TOID" LocationSystem="Grid">    <StopPoints>        <AnnotatedStopPointRef>            <StopPointRef>0600000001</StopPointRef>            <CommonName>Suborn Bus Station</CommonName>        </AnnotatedStopPointRef>        <AnnotatedStopPointRef>            <StopPointRef>0600000002</StopPointRef>            <CommonName>Garden Village, Shops</CommonName>        </AnnotatedStopPointRef>        <AnnotatedStopPointRef>            <StopPointRef>0600000003</StopPointRef>            <CommonName>Robridge, Plough</CommonName>        </AnnotatedStopPointRef>        <AnnotatedStopPointRef>            <StopPointRef>0600000004</StopPointRef>            <CommonName>Barford, Red Lion</CommonName>        </AnnotatedStopPointRef>        <AnnotatedStopPointRef>            <StopPointRef>0600000005</StopPointRef>            <CommonName>Egham, Golden Lion</CommonName>        </AnnotatedStopPointRef>    </StopPoints>    <JourneyPatternSections>        <JourneyPatternSection id="js_1">            <JourneyPatternTimingLink id="jptl_1">                <From>                    <Activity>pickUp</Activity>                    <StopPointRef>0600000001</StopPointRef>                    <TimingStatus>PTP</TimingStatus>                </From>                <To>                    <StopPointRef>0600000002</StopPointRef>                    <TimingStatus>PTP</TimingStatus>                </To>                <RunTime>PT20M</RunTime>            </JourneyPatternTimingLink>            <JourneyPatternTimingLink id="jptl_2">                <From>                    <StopPointRef>0600000002</StopPointRef>                    <TimingStatus>PTP</TimingStatus>                </From>                <To>                    <StopPointRef>0600000003</StopPointRef>                    <TimingStatus>PTP</TimingStatus>                </To>                <RunTime>PT20M</RunTime>            </JourneyPatternTimingLink>            <JourneyPatternTimingLink id="jptl_3">                <From>                    <StopPointRef>0600000003</StopPointRef>                    <TimingStatus>PTP</TimingStatus>                </From>                <To>                    <StopPointRef>0600000004</StopPointRef>                    <TimingStatus>PTP</TimingStatus>                </To>                <RunTime>PT10M</RunTime>            </JourneyPatternTimingLink>            <JourneyPatternTimingLink id="jptl_4">                <From>                    <StopPointRef>0600000004</StopPointRef>                    <TimingStatus>PTP</TimingStatus>                </From>                <To>                    <Activity>setDown</Activity>                    <StopPointRef>0600000005</StopPointRef>                    <TimingStatus>PTP</TimingStatus>                </To>                <RunTime>PT10M</RunTime>            </JourneyPatternTimingLink>        </JourneyPatternSection>    </JourneyPatternSections>    <Operators>        <Operator id="O1">            <NationalOperatorCode>ABC</NationalOperatorCode>            <OperatorShortName>ABC</OperatorShortName>        </Operator>    </Operators>    <Services>        <Service>            <ServiceCode>FIN50</ServiceCode>            <Lines>                <Line id="l_1">                    <LineName>L1</LineName>                </Line>            </Lines>            <OperatingPeriod>                <StartDate>2004-09-22</StartDate>            </OperatingPeriod>            <RegisteredOperatorRef>O1</RegisteredOperatorRef>            <ServiceHasMirror>true</ServiceHasMirror>            <StopRequirements>                <NoNewStopsRequired/>            </StopRequirements>            <StandardService>                <Origin>Suborn</Origin>                <Destination>Egham</Destination>                <UseAllStopPoints>false</UseAllStopPoints>                <JourneyPattern id="jp_1">                    <JourneyPatternSectionRefs>js_1</JourneyPatternSectionRefs>                </JourneyPattern>            </StandardService>        </Service>    </Services>    <VehicleJourneys>        <VehicleJourney>            <DestinationDisplay>Egham, Golden Lion</DestinationDisplay>            <Direction>outbound</Direction>            <VehicleJourneyCode>vj_1</VehicleJourneyCode>            <ServiceRef>FIN50</ServiceRef>            <LineRef>l_1</LineRef>            <JourneyPatternRef>jp_1</JourneyPatternRef>            <DepartureTime>07:00:00</DepartureTime>            <Frequency>                <EndTime>18:30:00</EndTime>                <Interval>                    <ScheduledFrequency>PT10M</ScheduledFrequency>                </Interval>                <FrequentService>true</FrequentService>            </Frequency>        </VehicleJourney>    </VehicleJourneys></TransXChange>