<?xml version="1.0" encoding="UTF-8"?><!--  TRANSXCHANGE EXAMPLE: Cancellation Created: Nick Knowles  Feb 2010 (C) Crown Copyrigh 20102.4 2010.02.16 Created as a new example		PTIC018 Concise Cancellation 	--><TransXChange xmlns="http://www.transxchange.org.uk/" xmlns:xsi="http://www.w3.org/2001/XMLSchema-instance" xsi:schemaLocation="http://www.transxchange.org.uk/../../TransXChange_registration.xsd" xmlns:apd="http://www.govtalk.gov.uk/people/AddressAndPersonalDetails" xml:lang="en" CreationDateTime="2004-04-14T14:20:00-05:00" ModificationDateTime="2004-04-14T14:20:00-05:00" Modification="new" RevisionNumber="0" FileName="cancellation.xml" SchemaVersion="2.4" RegistrationDocument="true">	<!-- ===OPERATORS ====================================================== -->	<Operators>		<LicensedOperator id="O1" CreationDateTime="2003-06-09T14:20:00-05:00" ModificationDateTime="2004-05-09T14:20:00-05:00" Modification="revise" RevisionNumber="2">			<OperatorCode>ABC</OperatorCode>			<OperatorShortName>ABC Buses</OperatorShortName>			<OperatorNameOnLicence>ABC Buses and Services</OperatorNameOnLicence>			<LicenceNumber>AB1234567</LicenceNumber>			<LicenceClassification>standardNational</LicenceClassification>			<EnquiryTelephoneNumber>				<TelNationalNumber>0207123456</TelNationalNumber>			</EnquiryTelephoneNumber>			<ContactTelephoneNumber>				<TelNationalNumber>0207654321</TelNationalNumber>			</ContactTelephoneNumber>			<OperatorAddresses>				<CorrespondenceAddress>					<apd:Line>45 City Road</apd:Line>					<apd:Line>Second Floor</apd:Line>					<apd:Line>Pent House</apd:Line>					<apd:Line>London</apd:Line>					<apd:PostCode>EC1V 3PH</apd:PostCode>				</CorrespondenceAddress>			</OperatorAddresses>		</LicensedOperator>	</Operators>	<!-- ===SERVICES ====================================================== -->	<Services>		<Service>			<ServiceCode>FIN50</ServiceCode>			<Lines>				<Line id="l_1">					<LineName>L1</LineName>				</Line>			</Lines>			<OperatingPeriod>				<StartDate>2004-09-22</StartDate>			</OperatingPeriod>			<RegisteredOperatorRef>O1</RegisteredOperatorRef>			<Description>The Suborn to Egham two way service runs Mondays to Fridays all year round, every 20 minutes.</Description> <StandardService>		<Origin>Suborn</Origin>		<Destination>Egham</Destination><Cancellation/> 	</StandardService>		</Service>	</Services>	<!-- ===REGISTRATION====================================================== -->	<Registrations>		<Registration>			<ServiceRef>FIN50</ServiceRef>			<SubmissionDate>2004-03-04</SubmissionDate>			<VosaRegistrationNumber>				<TanCode>PB</TanCode>				<LicenceNumber>1234567</LicenceNumber>				<RegistrationNumber>001</RegistrationNumber>			</VosaRegistrationNumber>			<ApplicationClassification>cancel</ApplicationClassification>			<VariationNumber>2</VariationNumber>			<SubmissionAuthor>				<Position>Operations Director</Position>				<Title>Mr</Title>				<Forename>Adam</Forename>				<Surname>Smith</Surname>			</SubmissionAuthor>			<TrafficAreas>				<TrafficArea>					<TrafficAreaName>Western</TrafficAreaName>				</TrafficArea>			</TrafficAreas>			<CirculatedAuthorities>				<CirculatedAuthority>					<AuthorityName>Bristol</AuthorityName>				</CirculatedAuthority>			</CirculatedAuthorities>			<SubsidyDetails>				<NoSubsidy/>			</SubsidyDetails>		</Registration>	</Registrations></TransXChange>