<?xml version="1.0" encoding="UTF-8"?><!--  TRANSXCHANGE EXAMPLE: OperatorsCreated:  Nick Knowles Kizoom, 09 August 2008(C) Crown Copyrigh  2004-2010 --><TransXChange xmlns="http://www.transxchange.org.uk/" xmlns:xsi="http://www.w3.org/2001/XMLSchema-instance" xsi:schemaLocation="http://www.transxchange.org.uk/../../TransXChange_general.xsd" xmlns:apd="http://www.govtalk.gov.uk/people/AddressAndPersonalDetails" xml:lang="en" CreationDateTime="2004-04-14T14:20:00-05:00" ModificationDateTime="2004-04-14T14:20:00-05:00" Modification="new" RevisionNumber="0" FileName="operators.xml" SchemaVersion="2.4b">	<!-- ===========JOURNEY PATTERN SECTIONS========================  -->	<Operators>		<Operator id="O2">			<NationalOperatorCode>SPDY01</NationalOperatorCode>			<OperatorCode>SY001</OperatorCode>			<PrivateCode>xx001</PrivateCode>			<OperatorShortName>Speedy Buses Ltd</OperatorShortName>			<OperatorNameOnLicence>Speedy Buses Ltd</OperatorNameOnLicence>			<EmailAddress>sid@SpeedyBuses.org.uk</EmailAddress>			<WebSite>http://speedy.co.uk</WebSite>			<DataRights>				<DataRight>					<TermsOfUse>						<AllowedUse>NotForProfit</AllowedUse>						<TermsOfUseUrl>http://speedy.co.uk/TermsOfUse.html></TermsOfUseUrl>						<TermsAndConditions>Any use allowed that does not bring teh name of speedy buses into disrepute</TermsAndConditions>					</TermsOfUse>					<Copyright>						<CopyrightUrl>http://speedy.co.uk/Copyright.html</CopyrightUrl>						<CopyrightStatement>(C) 2010 Speedy buses</CopyrightStatement>					</Copyright>					<DataPolicy>						<PolicyStatus>ExemptFromFreedomOfInformation</PolicyStatus>						<PolicyUrl>http://speedy.co.uk/Policy.html</PolicyUrl>						<PolicyJustification>Beacuse your worth it</PolicyJustification>					</DataPolicy>					<VerificationStatus>ProfessionallyVerified</VerificationStatus>				</DataRight>			</DataRights>		</Operator>		<LicensedOperator id="O1" CreationDateTime="2003-06-09T14:20:00-05:00" ModificationDateTime="2004-05-09T14:20:00-05:00" Modification="revise" RevisionNumber="2">			<NationalOperatorCode>ABC</NationalOperatorCode>			<OperatorCode>ABC</OperatorCode>			<PrivateCode>12345</PrivateCode>			<OperatorShortName>ABC Buses</OperatorShortName>			<OperatorNameOnLicence>ABC Buses and Services</OperatorNameOnLicence>			<TradingName>ABC Buses</TradingName>			<LicenceNumber>AB1234567</LicenceNumber>			<LicenceClassification>standardNational</LicenceClassification>			<LicenceExpiryDate>2020-12-31</LicenceExpiryDate>			<LicenceHolderNames>				<HolderName>Abe Cee</HolderName>				<HolderName> Basil Cee</HolderName>			</LicenceHolderNames>			<ParentOperatorRef>				<OperatorRef>OP002</OperatorRef>				<OperatorShortName>XYZ</OperatorShortName>				<OperatorNameOnLicence>XYZ Ltd</OperatorNameOnLicence>				<TradingName>XYZ Buses</TradingName>			</ParentOperatorRef>			<UltimateParentRef>				<OperatorRef>OP0003</OperatorRef>				<OperatorShortName>Omega</OperatorShortName>			</UltimateParentRef>			<PrimaryMode>bus</PrimaryMode>			<EbsrUser>true</EbsrUser>			<EnquiryTelephoneNumber>				<TelNationalNumber>0207123456</TelNationalNumber>			</EnquiryTelephoneNumber>			<ContactTelephoneNumber>				<TelNationalNumber>0207654321</TelNationalNumber>			</ContactTelephoneNumber>			<ContactFaxNumber>				<TelNationalNumber>0207654322</TelNationalNumber>			</ContactFaxNumber>			<ContactPerson>Sid Mouth</ContactPerson>			<CustomerServiceTelephoneNumber>				<TelNationalNumber>0207654323</TelNationalNumber>			</CustomerServiceTelephoneNumber>			<OperatorAddresses>				<CorrespondenceAddress>					<apd:Line>45 City Road</apd:Line>					<apd:Line>Second Floor</apd:Line>					<apd:Line>Pent House</apd:Line>					<apd:Line>London</apd:Line>					<apd:PostCode>EC1V 3PH</apd:PostCode>				</CorrespondenceAddress>				<MiscellaneousAddress>					<apd:Line>12 Hamlet Avenue</apd:Line>					<apd:Line>35th Floor</apd:Line>					<apd:Line>Bodlington</apd:Line>					<apd:Line>Exeter</apd:Line>					<apd:PostCode>EX8 7TR</apd:PostCode>				</MiscellaneousAddress>			</OperatorAddresses>			<EmailAddress>enquiries@ABCBuses.com</EmailAddress>			<WebSite>http://abcbusses.co.uk</WebSite>		</LicensedOperator>		<LicensedOperator id="O3">			<NationalOperatorCode>DR02</NationalOperatorCode>			<OperatorCode>DR023</OperatorCode>			<OperatorShortName>Dai Larid</OperatorShortName>			<OperatorNameOnLicence>Dai Larid Buses</OperatorNameOnLicence>			<TradingName>Dai the bus</TradingName>			<LicenceNumber>AB1234568</LicenceNumber>			<LicenceClassification>standardNational</LicenceClassification>			<LicenceExpiryDate>2010-12-13</LicenceExpiryDate>			<LicenceHolderNames>				<HolderName>Dai Larid</HolderName>			</LicenceHolderNames>			<LicenceStatus>Valid</LicenceStatus>			<OtherLicences>				<OperatorLicence>					<LicenceNumber>AB1234569</LicenceNumber>					<LicenceClassification>standardInternational</LicenceClassification>					<LicenceExpiryDate>2010-08-13</LicenceExpiryDate>					<LicenceHolderNames>						<HolderName>Dai Larid</HolderName>					</LicenceHolderNames>					<LicenceStatus>Valid</LicenceStatus>				</OperatorLicence>			</OtherLicences>			<ParentOperatorRef>				<OperatorRef>ABC</OperatorRef>				<OperatorShortName>ABC Buses</OperatorShortName>				<OperatorNameOnLicence>ABC Buses and Services</OperatorNameOnLicence>				<TradingName>ABC Buses</TradingName>				<ReferenceName>ABC bus</ReferenceName>			</ParentOperatorRef>			<UltimateParentRef>				<OperatorRef>ABC</OperatorRef>				<OperatorShortName>ABC Buses</OperatorShortName>				<OperatorNameOnLicence>ABC Buses and Services</OperatorNameOnLicence>				<TradingName>ABC Buses</TradingName>				<ReferenceName>ABC bus</ReferenceName>			</UltimateParentRef>			<PrimaryMode>bus</PrimaryMode>			<EbsrUser>true</EbsrUser>			<TravelineOwner>W</TravelineOwner>			<RegionalOperatorRefs>				<RegionalOperatorRef>					<TravellineRegion>SW</TravellineRegion>					<TravelineOperatorCode>DR23</TravelineOperatorCode>				</RegionalOperatorRef>			</RegionalOperatorRefs>			<Note>A random note</Note>			<EnquiryTelephoneNumber>				<TelNationalNumber>0456123456</TelNationalNumber>				<TelExtensionNumber>20</TelExtensionNumber>				<TelCountryCode>44</TelCountryCode>			</EnquiryTelephoneNumber>			<ContactTelephoneNumber>				<TelNationalNumber>0456123457</TelNationalNumber>			</ContactTelephoneNumber>			<ContactFaxNumber>				<TelNationalNumber>0456123454</TelNationalNumber>			</ContactFaxNumber>			<ContactPerson>normalizedString</ContactPerson>			<CustomerServiceTelephoneNumber>				<TelNationalNumber> </TelNationalNumber>				<TelExtensionNumber>0</TelExtensionNumber>				<TelCountryCode>0</TelCountryCode>			</CustomerServiceTelephoneNumber>			<OperatorAddresses>				<CorrespondenceAddress>					<apd:Line>Llarreggub</apd:Line>					<apd:Line>Merthr Tydfil</apd:Line>					<apd:PostCode>MT1V 3PH</apd:PostCode>				</CorrespondenceAddress>				<MiscellaneousAddress>					<apd:Line> </apd:Line>					<apd:Line> </apd:Line>					<apd:PostCode>A0 0AA</apd:PostCode>				</MiscellaneousAddress>			</OperatorAddresses>			<EmailAddress>info@dailarid.co.uk</EmailAddress>			<WebSite>http:/wwwdailarid.co.uk</WebSite>			<Garages>				<Garage>					<GarageCode>DR001</GarageCode>					<GarageName>Base a</GarageName>					<ContactNumber>						<TelNationalNumber>12345 </TelNationalNumber>					</ContactNumber>				</Garage>			</Garages>			<PolicyStatus>SubjectToFreedomOfInformation</PolicyStatus>			<ContributorClassification>CommunityMember</ContributorClassification>			<DataRights>				<DataRight>					<TermsOfUse>						<AllowedUse>Unrestricted</AllowedUse>						<TermsOfUseUrl>http://www.dailarid.co.uk/terms.htm</TermsOfUseUrl>						<TermsAndConditions>a</TermsAndConditions>					</TermsOfUse>					<Copyright>						<CopyrightUrl>http://dailarid.co.uk/copytight.htm</CopyrightUrl>						<CopyrightStatement>(C) Copyright 2010 Dailarid ltf</CopyrightStatement>					</Copyright>					<DataPolicy>						<PolicyStatus>SubjectToFreedomOfInformation</PolicyStatus>						<PolicyUrl>http://dailarid.co.uk/foipolicy</PolicyUrl>						<PolicyJustification>Its good</PolicyJustification>					</DataPolicy>					<VerificationStatus>ProfessionallyVerified</VerificationStatus>					<Extensions/>				</DataRight>			</DataRights>		</LicensedOperator>	</Operators>	<SupportingDocuments>		<SupportingDocument>			<DocumentUri>index.html</DocumentUri>		</SupportingDocument>		<SupportingDocument>			<DocumentUri>NotesOnOperators.doc</DocumentUri>		</SupportingDocument>	</SupportingDocuments></TransXChange>