<?xml version="1.0" encoding="UTF-8"?><!--  TRANSXCHANGE EXAMPLE: DeltaCreated: Nick Knowles Kizoom, 5 March 2010(C) Crown Copyrigh   20102010 03 05 TXC v2.4  Added.     PTIC-044 Additional Change Management Support - Deltas --><TransXChange xmlns="http://www.transxchange.org.uk/" xmlns:xsi="http://www.w3.org/2001/XMLSchema-instance" xsi:schemaLocation="http://www.transxchange.org.uk/../../TransXChange_general_delta.xsd" xmlns:apd="http://www.govtalk.gov.uk/people/AddressAndPersonalDetails" xml:lang="en" CreationDateTime="2004-06-09T14:20:00-05:00" ModificationDateTime="2004-06-09T14:20:00-05:00" Modification="delta" RevisionNumber="0" FileName="delta.xml" SchemaVersion="2.4" MappingSystem="TOID" LocationSystem="Grid" ChangesSince="2010-01-01T14:20:00-05:00" RegistrationDocument="false">	<VehicleJourneys modification="delta">		<VehicleJourney>			<DestinationDisplay>Egham, Golden Lion</DestinationDisplay>			<Direction>outbound</Direction>			<VehicleJourneyCode>vj_1</VehicleJourneyCode>			<ServiceRef>FIN50</ServiceRef>			<LineRef>l_1</LineRef>			<JourneyPatternRef>jp_1</JourneyPatternRef>			<DepartureTime>07:02:00</DepartureTime>			<Frequency>				<EndTime>18:30:00</EndTime>				<Interval>					<ScheduledFrequency>PT10M</ScheduledFrequency>				</Interval>				<FrequentService>true</FrequentService>			</Frequency>		</VehicleJourney>	</VehicleJourneys></TransXChange>