<?xml version="1.0" encoding="UTF-8"?> <!--Tom White, Kizoom, 30 March 2004Based on Sample Timetables supplied by Matt Francis, AIM, 23 January 2004.--><TransXChange xmlns="http://www.transxchange.org.uk/" xmlns:xsi="http://www.w3.org/2001/XMLSchema-instance" xsi:schemaLocation="http://www.transxchange.org.uk/../../TransXChange_general.xsd"  xmlns:apd="http://www.govtalk.gov.uk/people/AddressAndPersonalDetails" xml:lang="en" CreationDateTime="2004-04-14T14:20:00-05:00" ModificationDateTime="2004-04-14T14:20:00-05:00" Modification="new" RevisionNumber="0" FileName="express.xml" SchemaVersion="2.4b">	<!-- xsi:schemaLocation="http://www.transxchange.org.uk/TransXChange_general.xsd" -->	<!-- xsi:schemaLocation="http://www.transxchange.org.uk/file:///D:/Projects/TransXchange/schema/2.1/TransXChange_registration.xsd" -->	<!-- =============STOPS======================================  -->	<StopPoints>		<StopPoint CreationDateTime="2004-04-14T14:20:00-05:00">			<AtcoCode>9990000001</AtcoCode>			<Descriptor>				<CommonName>Bus Station</CommonName>				<Landmark>Bus Station</Landmark>				<Street>The Shambles</Street>				<Indicator>Bay Area</Indicator>			</Descriptor>			<Place>				<NptgLocalityRef>E0046047</NptgLocalityRef>				<Location>					<Easting>543975</Easting>					<Northing>100795</Northing>				</Location>			</Place>			<StopClassification>				<StopType>BCQ</StopType>				<OffStreet>					<BusAndCoach>						<VariableBay>							<TimingStatus>PTP</TimingStatus>						</VariableBay>					</BusAndCoach>				</OffStreet>			</StopClassification>			<StopAreas>				<StopAreaRef>999G000001A</StopAreaRef>			</StopAreas>			<AdministrativeAreaRef>999</AdministrativeAreaRef>		</StopPoint>		<StopPoint CreationDateTime="2004-04-14T14:20:00-05:00">			<AtcoCode>9990000010</AtcoCode>			<Descriptor>				<CommonName>Bus Station</CommonName>				<Landmark>Bus Station</Landmark>				<Street>The Shambles</Street>				<Indicator>Main Entrance</Indicator>			</Descriptor>			<Place>				<NptgLocalityRef>E0046047</NptgLocalityRef>				<Location>					<Easting>543975</Easting>					<Northing>100795</Northing>				</Location>			</Place>			<StopClassification>				<StopType>BCE</StopType>				<OffStreet>					<BusAndCoach>						<Entrance/>					</BusAndCoach>				</OffStreet>			</StopClassification>			<StopAreas>				<StopAreaRef>999G000001A</StopAreaRef>			</StopAreas>			<AdministrativeAreaRef>999</AdministrativeAreaRef>		</StopPoint>		<StopPoint CreationDateTime="2004-04-14T14:20:00-05:00">			<AtcoCode>9990000011</AtcoCode>			<Descriptor>				<CommonName>Bus Station</CommonName>				<Landmark>Bus Station</Landmark>				<Street>The Shambles</Street>				<Indicator>Bay 1</Indicator>			</Descriptor>			<Place>				<NptgLocalityRef>E0046047</NptgLocalityRef>				<Location>					<Easting>543976</Easting>					<Northing>100796</Northing>				</Location>			</Place>			<StopClassification>				<StopType>BCS</StopType>				<OffStreet>					<BusAndCoach>						<Bay>							<TimingStatus>PTP</TimingStatus>						</Bay>					</BusAndCoach>				</OffStreet>			</StopClassification>			<StopAreas>				<StopAreaRef>999G000001A</StopAreaRef>			</StopAreas>			<AdministrativeAreaRef>999</AdministrativeAreaRef>		</StopPoint>		<StopPoint CreationDateTime="2004-04-14T14:20:00-05:00">			<AtcoCode>9990000012</AtcoCode>			<Descriptor>				<CommonName>Bus Station</CommonName>				<Landmark>Bus Station</Landmark>				<Street>The Shambles</Street>				<Indicator>Bay 2</Indicator>			</Descriptor>			<Place>				<NptgLocalityRef>E0046047</NptgLocalityRef>				<Location>					<Easting>543976</Easting>					<Northing>100796</Northing>				</Location>			</Place>			<StopClassification>				<StopType>BCS</StopType>				<OffStreet>					<BusAndCoach>						<Bay>							<TimingStatus>PTP</TimingStatus>						</Bay>					</BusAndCoach>				</OffStreet>			</StopClassification>			<StopAreas>				<StopAreaRef>999G000001A</StopAreaRef>			</StopAreas>			<AdministrativeAreaRef>999</AdministrativeAreaRef>		</StopPoint>		<StopPoint CreationDateTime="2004-04-14T14:20:00-05:00">			<AtcoCode>9990000013</AtcoCode>			<Descriptor>				<CommonName>Bus Station</CommonName>				<Landmark>Bus Station</Landmark>				<Street>The Shambles</Street>				<Indicator>Bay 3</Indicator>			</Descriptor>			<Place>				<NptgLocalityRef>E0046047</NptgLocalityRef>				<Location>					<Easting>543976</Easting>					<Northing>100796</Northing>				</Location>			</Place>			<StopClassification>				<StopType>BCS</StopType>				<OffStreet>					<BusAndCoach>						<Bay>							<TimingStatus>PTP</TimingStatus>						</Bay>					</BusAndCoach>				</OffStreet>			</StopClassification>			<StopAreas>				<StopAreaRef>999G000001A</StopAreaRef>			</StopAreas>			<AdministrativeAreaRef>999</AdministrativeAreaRef>		</StopPoint>		<AnnotatedStopPointRef>			<StopPointRef>9990000002</StopPointRef>			<CommonName>High St</CommonName>			<LocalityName>Tweeham</LocalityName>		</AnnotatedStopPointRef>		<AnnotatedStopPointRef>			<StopPointRef>9990000003</StopPointRef>			<CommonName>Market St</CommonName>			<LocalityName>Tweeham</LocalityName>		</AnnotatedStopPointRef>		<AnnotatedStopPointRef>			<StopPointRef>9990000004</StopPointRef>			<CommonName>School</CommonName>			<LocalityName>Tweeham</LocalityName>		</AnnotatedStopPointRef>		<AnnotatedStopPointRef>			<StopPointRef>9990000005</StopPointRef>			<CommonName>Hospital</CommonName>			<LocalityName>Tweeham</LocalityName>		</AnnotatedStopPointRef>	</StopPoints>	<StopAreas>		<StopArea CreationDateTime="2004-07-17T09:30:47-05:00" ModificationDateTime="2004-07-17T09:30:47-05:00" Modification="new" RevisionNumber="1" Status="active">			<StopAreaCode>999G000001A</StopAreaCode>			<Name>BusStation</Name>			<AdministrativeAreaRef>999</AdministrativeAreaRef>			<StopAreaType>GBCS</StopAreaType>			<Location>				<GridType>UKOS</GridType>				<Easting>543976</Easting>				<Northing>100796</Northing>			</Location>		</StopArea>	</StopAreas>	<!-- ============= Route SECTIONS======================================  -->	<!-- Route Section 1 Bus Station to Hospital   -->	<RouteSections>		<RouteSection id="RS1">			<!-- Bus Station to High St -->			<RouteLink id="RL1">				<From>					<StopPointRef>9990000001</StopPointRef>				</From>				<To>					<StopPointRef>9990000002</StopPointRef>				</To>				<Distance>200</Distance>				<Direction>outbound</Direction>			</RouteLink>			<!-- High St to Market St -->			<RouteLink id="RL2">				<From>					<StopPointRef>9990000002</StopPointRef>				</From>				<To>					<StopPointRef>9990000003</StopPointRef>				</To>				<Distance>500</Distance>				<Direction>outbound</Direction>			</RouteLink>			<!-- Market St to School -->			<RouteLink id="RL3">				<From>					<StopPointRef>9990000003</StopPointRef>				</From>				<To>					<StopPointRef>9990000004</StopPointRef>				</To>				<Distance>2000</Distance>				<Direction>outbound</Direction>			</RouteLink>			<!-- School to Hospital -->			<RouteLink id="RL4">				<From>					<StopPointRef>9990000004</StopPointRef>				</From>				<To>					<StopPointRef>9990000005</StopPointRef>				</To>				<Distance>1500</Distance>				<Direction>outbound</Direction>			</RouteLink>		</RouteSection>	</RouteSections>	<Routes>		<Route id="R1">			<Description xml:lang="en">Bus Station to Hospital</Description>			<RouteSectionRef>RS1</RouteSectionRef>		</Route>	</Routes>	<!-- =============JOURNEY PATTERN SECTIONS========================  -->	<JourneyPatternSections>		<JourneyPatternSection id="JPS1">			<!-- Bus Station to High St -->			<JourneyPatternTimingLink id="JPTL1">				<From>					<Activity>pickUp</Activity>					<VariableStopAllocations>						<DefaultStopAllocation>							<StopPointRef>9990000011</StopPointRef>						</DefaultStopAllocation>					</VariableStopAllocations>					<StopPointRef>9990000001</StopPointRef>					<TimingStatus>PTP</TimingStatus>				</From>				<To>					<StopPointRef>9990000002</StopPointRef>					<TimingStatus>PTP</TimingStatus>				</To>				<RouteLinkRef>RL1</RouteLinkRef>				<Direction>outbound</Direction>				<RunTime>PT3M</RunTime>			</JourneyPatternTimingLink>			<!-- High St to Market St -->			<JourneyPatternTimingLink id="JPTL2">				<From>					<StopPointRef>9990000002</StopPointRef>					<TimingStatus>PTP</TimingStatus>				</From>				<To>					<StopPointRef>9990000003</StopPointRef>					<TimingStatus>PTP</TimingStatus>				</To>				<RouteLinkRef>RL2</RouteLinkRef>				<Direction>outbound</Direction>				<RunTime>PT4M</RunTime>			</JourneyPatternTimingLink>			<!-- Market St to School -->			<JourneyPatternTimingLink id="JPTL3">				<From>					<StopPointRef>9990000003</StopPointRef>					<TimingStatus>PTP</TimingStatus>				</From>				<To>					<StopPointRef>9990000004</StopPointRef>					<TimingStatus>PTP</TimingStatus>				</To>				<RouteLinkRef>RL3</RouteLinkRef>				<Direction>outbound</Direction>				<RunTime>PT13M</RunTime>			</JourneyPatternTimingLink>			<!-- School to Hospital -->			<JourneyPatternTimingLink id="JPTL4">				<From>					<StopPointRef>9990000004</StopPointRef>					<TimingStatus>PTP</TimingStatus>				</From>				<To>					<Activity>setDown</Activity>					<StopPointRef>9990000005</StopPointRef>					<TimingStatus>PTP</TimingStatus>				</To>				<RouteLinkRef>RL4</RouteLinkRef>				<Direction>outbound</Direction>				<RunTime>PT9M</RunTime>			</JourneyPatternTimingLink>		</JourneyPatternSection>	</JourneyPatternSections>	<Operators>		<Operator id="O1">			<OperatorShortName>Speedy Buses Ltd</OperatorShortName>			<OperatorNameOnLicence>Speedy Buses Ltd</OperatorNameOnLicence>			<EmailAddress>sid@SpeedyBuses.org.uk</EmailAddress>		</Operator>	</Operators>	<Services>		<Service>			<ServiceCode>S1</ServiceCode>			<Lines>				<Line id="L1">					<LineName>E23</LineName>				</Line>			</Lines>			<OperatingPeriod>				<StartDate>2004-01-01</StartDate>				<EndDate>2004-06-13</EndDate>			</OperatingPeriod>			<OperatingProfile>				<RegularDayType>					<DaysOfWeek>						<NotTuesday/>						<NotThursday/>					</DaysOfWeek>				</RegularDayType>				<SpecialDaysOperation>					<DaysOfOperation>						<DateRange>							<StartDate>2004-06-01</StartDate>							<EndDate>2004-06-01</EndDate>						</DateRange>					</DaysOfOperation>					<DaysOfNonOperation>						<DateRange>							<StartDate>2004-06-02</StartDate>							<EndDate>2004-06-02</EndDate>						</DateRange>					</DaysOfNonOperation>				</SpecialDaysOperation>				<BankHolidayOperation>					<DaysOfNonOperation>						<ChristmasDay/>						<BoxingDay/>						<GoodFriday/>						<NewYearsDay/>						<LateSummerBankHolidayNotScotland/>						<MayDay/>						<EasterMonday/>						<ChristmasDayHoliday/>						<NewYearsDayHoliday/>						<ChristmasEve/>						<NewYearsEve/>					</DaysOfNonOperation>				</BankHolidayOperation>			</OperatingProfile>			<ServiceClassification>				<LimitedStops/>			</ServiceClassification>			<RegisteredOperatorRef>O1</RegisteredOperatorRef>			<StopRequirements>				<NewStops>					<StopPointRef>9990000001</StopPointRef>					<Note>Bus Station General Stop</Note>					<StopPointRef>9990000010</StopPointRef>					<Note>Bus Station Bay 1</Note>					<StopPointRef>9990000011</StopPointRef>					<StopPointRef>9990000012</StopPointRef>				</NewStops>			</StopRequirements>			<Description>Outbound daily service between Tweeham Bus Station and Tweeham Hospital. Does not run Christmas Day or New Years Day. See timetable notes for further opeartional restrictions. </Description>			<Note>				<NoteCode>N1</NoteCode>				<NoteText>Doesn't run on local festivals</NoteText>			</Note>			<SchematicMap>express.gif</SchematicMap>			<StandardService>				<Origin>Bus Station</Origin>				<Destination>Hospital</Destination>				<UseAllStopPoints>false</UseAllStopPoints>				<JourneyPattern id="JP1">					<Direction>outbound</Direction>					<RouteRef>R1</RouteRef>					<JourneyPatternSectionRefs>JPS1</JourneyPatternSectionRefs>				</JourneyPattern>			</StandardService>		</Service>	</Services>	<VehicleJourneys>		<!-- Stop at all stops -->		<VehicleJourney>			<VehicleJourneyCode>VJ1</VehicleJourneyCode>			<ServiceRef>S1</ServiceRef>			<LineRef>L1</LineRef>			<JourneyPatternRef>JP1</JourneyPatternRef>			<DepartureTime>10:00:00</DepartureTime>			<VehicleJourneyTimingLink id="VJTL1">				<JourneyPatternTimingLinkRef>JPTL1</JourneyPatternTimingLinkRef>				<From>					<VariableStopAllocations>						<VariableStopAllocation>							<DateRange>								<StartDate>2004-08-01</StartDate>								<EndDate>2004-10-01</EndDate>							</DateRange>							<VariableStopPointRef>9990000012</VariableStopPointRef>						</VariableStopAllocation>					</VariableStopAllocations>				</From>			</VehicleJourneyTimingLink>		</VehicleJourney>		<!-- Don't stop at Market St -->		<VehicleJourney>			<VehicleJourneyCode>VJ2</VehicleJourneyCode>			<ServiceRef>S1</ServiceRef>			<LineRef>L1</LineRef>			<JourneyPatternRef>JP1</JourneyPatternRef>			<DepartureTime>11:00:00</DepartureTime>			<VehicleJourneyTimingLink id="VJ2_TL2">				<JourneyPatternTimingLinkRef>JPTL2</JourneyPatternTimingLinkRef>				<To>					<Activity>pass</Activity>				</To>			</VehicleJourneyTimingLink>			<VehicleJourneyTimingLink id="VJ2_TL3">				<JourneyPatternTimingLinkRef>JPTL3</JourneyPatternTimingLinkRef>				<From>					<Activity>pass</Activity>				</From>			</VehicleJourneyTimingLink>		</VehicleJourney>		<!-- Don't stop at High St or School -->		<VehicleJourney>			<VehicleJourneyCode>VJ3</VehicleJourneyCode>			<ServiceRef>S1</ServiceRef>			<LineRef>L1</LineRef>			<JourneyPatternRef>JP1</JourneyPatternRef>			<DepartureTime>12:00:00</DepartureTime>			<VehicleJourneyTimingLink id="VJ3_TL1">				<JourneyPatternTimingLinkRef>JPTL1</JourneyPatternTimingLinkRef>				<To>					<Activity>pass</Activity>				</To>			</VehicleJourneyTimingLink>			<VehicleJourneyTimingLink id="VJ3_TL2">				<JourneyPatternTimingLinkRef>JPTL2</JourneyPatternTimingLinkRef>				<From>					<Activity>pass</Activity>				</From>			</VehicleJourneyTimingLink>			<VehicleJourneyTimingLink id="VJ3_TL3">				<JourneyPatternTimingLinkRef>JPTL3</JourneyPatternTimingLinkRef>				<To>					<Activity>pass</Activity>				</To>			</VehicleJourneyTimingLink>			<VehicleJourneyTimingLink id="VJ3_TL4">				<JourneyPatternTimingLinkRef>JPTL4</JourneyPatternTimingLinkRef>				<From>					<Activity>pass</Activity>				</From>			</VehicleJourneyTimingLink>		</VehicleJourney>		<!-- Start at Market St -->		<VehicleJourney>			<VehicleJourneyCode>VJ4</VehicleJourneyCode>			<ServiceRef>S1</ServiceRef>			<LineRef>L1</LineRef>			<JourneyPatternRef>JP1</JourneyPatternRef>			<StartDeadRun>				<ShortWorking>					<JourneyPatternTimingLinkRef>JPTL3</JourneyPatternTimingLinkRef>				</ShortWorking>			</StartDeadRun>			<DepartureTime>13:07:00</DepartureTime>			<VehicleJourneyTimingLink id="VJ4_TL3">				<JourneyPatternTimingLinkRef>JPTL3</JourneyPatternTimingLinkRef>				<From>					<Activity>pickUp</Activity>				</From>			</VehicleJourneyTimingLink>		</VehicleJourney>		<!-- Terminate at Market St -->		<VehicleJourney>			<VehicleJourneyCode>VJ5</VehicleJourneyCode>			<ServiceRef>S1</ServiceRef>			<LineRef>L1</LineRef>			<JourneyPatternRef>JP1</JourneyPatternRef>			<EndDeadRun>				<ShortWorking>					<JourneyPatternTimingLinkRef>JPTL2</JourneyPatternTimingLinkRef>				</ShortWorking>			</EndDeadRun>			<DepartureTime>14:00:00</DepartureTime>			<VehicleJourneyTimingLink id="VJ5_TL1">				<JourneyPatternTimingLinkRef>JPTL1</JourneyPatternTimingLinkRef>				<RunTime>PT8M</RunTime>				<From>					<DynamicDestinationDisplay>Market St</DynamicDestinationDisplay>					<VariableStopAllocations>						<DefaultStopAllocation>							<StopPointRef>9990000013</StopPointRef>						</DefaultStopAllocation>					</VariableStopAllocations>				</From>				<To>					<DynamicDestinationDisplay>Market St</DynamicDestinationDisplay>				</To>			</VehicleJourneyTimingLink>			<VehicleJourneyTimingLink id="VJ5_TL2">				<JourneyPatternTimingLinkRef>JPTL2</JourneyPatternTimingLinkRef>				<RunTime>PT9M</RunTime>				<From>					<DynamicDestinationDisplay>Market St</DynamicDestinationDisplay>				</From>				<To>					<Activity>setDown</Activity>					<DynamicDestinationDisplay>Market St</DynamicDestinationDisplay>				</To>			</VehicleJourneyTimingLink>		</VehicleJourney>	</VehicleJourneys>	<SupportingDocuments>		<SupportingDocument>			<DocumentUri>index.html</DocumentUri>		</SupportingDocument>		<SupportingDocument>			<DocumentUri>SampleTimetables.doc</DocumentUri>		</SupportingDocument>	</SupportingDocuments></TransXChange>