<?xml version="1.0" encoding="UTF-8"?><!--Tom White, Kizoom, 30 March 2004Based on Sample Timetables supplied by Matt Francis, AIM, 23 January 2004.--><TransXChange xmlns="http://www.transxchange.org.uk/" xmlns:xsi="http://www.w3.org/2001/XMLSchema-instance" xsi:schemaLocation="http://www.transxchange.org.uk/../../TransXChange_general.xsd"  xmlns:apd="http://www.govtalk.gov.uk/people/AddressAndPersonalDetails" xml:lang="en" CreationDateTime="2004-04-14T14:20:00-05:00" ModificationDateTime="2004-04-14T14:20:00-05:00" Modification="new" RevisionNumber="0" FileName="express.xml" SchemaVersion="2.4"  RegistrationDocument="false">    <StopPoints>        <AnnotatedStopPointRef>            <StopPointRef>9990000001</StopPointRef>            <CommonName>Bus Station</CommonName>        </AnnotatedStopPointRef>        <AnnotatedStopPointRef>            <StopPointRef>9990000011</StopPointRef>            <CommonName>Bus Station Bay 1</CommonName>        </AnnotatedStopPointRef>        <AnnotatedStopPointRef>            <StopPointRef>9990000012</StopPointRef>            <CommonName>Bus Station Bay 2</CommonName>        </AnnotatedStopPointRef>        <AnnotatedStopPointRef>            <StopPointRef>9990000013</StopPointRef>            <CommonName>Bus Station Bay 3</CommonName>        </AnnotatedStopPointRef>        <AnnotatedStopPointRef>            <StopPointRef>9990000002</StopPointRef>            <CommonName>High St</CommonName>        </AnnotatedStopPointRef>        <AnnotatedStopPointRef>            <StopPointRef>9990000003</StopPointRef>            <CommonName>Market St</CommonName>        </AnnotatedStopPointRef>        <AnnotatedStopPointRef>            <StopPointRef>9990000004</StopPointRef>            <CommonName>School</CommonName>        </AnnotatedStopPointRef>        <AnnotatedStopPointRef>            <StopPointRef>9990000005</StopPointRef>            <CommonName>Hospital</CommonName>        </AnnotatedStopPointRef>    </StopPoints>    <JourneyPatternSections>        <JourneyPatternSection id="JPS1">            <!-- Bus Station to High St -->            <JourneyPatternTimingLink id="JPTL1">                <From>                    <VariableStopAllocations>                        <DefaultStopAllocation>                            <StopPointRef>9990000011</StopPointRef>                        </DefaultStopAllocation>                    </VariableStopAllocations>                    <StopPointRef>9990000001</StopPointRef>                </From>                <To>                    <StopPointRef>9990000002</StopPointRef>                </To>                <RunTime>PT3M</RunTime>            </JourneyPatternTimingLink>        </JourneyPatternSection>    </JourneyPatternSections>    <Operators>        <Operator id="O1">            <OperatorShortName>Speedy Buses Ltd</OperatorShortName>        </Operator>    </Operators>    <Services>        <Service>            <ServiceCode>S1</ServiceCode>            <Lines>                <Line id="L1">                    <LineName>E23</LineName>                </Line>            </Lines>            <OperatingPeriod>                <StartDate>2004-01-01</StartDate>                <EndDate>2004-06-13</EndDate>            </OperatingPeriod>            <OperatingProfile>                <RegularDayType>                    <DaysOfWeek>                        <MondayToSunday/>                    </DaysOfWeek>                </RegularDayType>            </OperatingProfile>            <RegisteredOperatorRef>O1</RegisteredOperatorRef>                        <ServiceHasMirror>false</ServiceHasMirror>            <StopRequirements><NoNewStopsRequired/></StopRequirements>            <StandardService>                <Origin>Bus Station</Origin>                <Destination>Hospital</Destination>                <UseAllStopPoints>false</UseAllStopPoints>                <JourneyPattern id="JP1">                    <JourneyPatternSectionRefs>JPS1</JourneyPatternSectionRefs>                </JourneyPattern>            </StandardService>        </Service>    </Services>    <VehicleJourneys>        <!-- Stop at all stops -->        <VehicleJourney>            <VehicleJourneyCode>VJ1</VehicleJourneyCode>            <ServiceRef>S1</ServiceRef>            <LineRef>L1</LineRef>            <JourneyPatternRef>JP1</JourneyPatternRef>            <DepartureTime>10:00:00</DepartureTime>            <VehicleJourneyTimingLink id="VJTL1">                <JourneyPatternTimingLinkRef>JPTL1</JourneyPatternTimingLinkRef>                <From>                    <VariableStopAllocations>                        <VariableStopAllocation>                            <DateRange>                                <StartDate>2004-08-01</StartDate>                                <EndDate>2004-10-01</EndDate>                            </DateRange>                            <VariableStopPointRef>9990000012</VariableStopPointRef>                        </VariableStopAllocation>                    </VariableStopAllocations>                </From>            </VehicleJourneyTimingLink>        </VehicleJourney>        <!-- ========VJ2====================l -->        <VehicleJourney>            <VehicleJourneyCode>VJ2</VehicleJourneyCode>            <ServiceRef>S1</ServiceRef>            <LineRef>L1</LineRef>            <JourneyPatternRef>JP1</JourneyPatternRef>            <DepartureTime>11:00:00</DepartureTime>        </VehicleJourney>        <!-- ========VJ3====================l -->        <VehicleJourney>            <VehicleJourneyCode>VJ3</VehicleJourneyCode>            <ServiceRef>S1</ServiceRef>            <LineRef>L1</LineRef>            <JourneyPatternRef>JP1</JourneyPatternRef>            <DepartureTime>12:00:00</DepartureTime>        </VehicleJourney>        <!-- ========VJ4====================l -->        <VehicleJourney>            <VehicleJourneyCode>VJ4</VehicleJourneyCode>            <ServiceRef>S1</ServiceRef>            <LineRef>L1</LineRef>            <JourneyPatternRef>JP1</JourneyPatternRef>            <DepartureTime>11:00:00</DepartureTime>        </VehicleJourney>        <!-- ========VJ5====================l -->        <VehicleJourney>            <VehicleJourneyCode>VJ5</VehicleJourneyCode>            <ServiceRef>S1</ServiceRef>            <LineRef>L1</LineRef>            <JourneyPatternRef>JP1</JourneyPatternRef>            <DepartureTime>14:00:00</DepartureTime>            <VehicleJourneyTimingLink id="VJ5_TL1">                <JourneyPatternTimingLinkRef>JPTL1</JourneyPatternTimingLinkRef>                <From>                    <VariableStopAllocations>                        <DefaultStopAllocation>                            <StopPointRef>9990000013</StopPointRef>                        </DefaultStopAllocation>                    </VariableStopAllocations>                </From>            </VehicleJourneyTimingLink>        </VehicleJourney>    </VehicleJourneys></TransXChange>