<!--  TRANSXCHANGE EXAMPLE: Hail and Ride Tom White, Kizoom, 9 June 2004(C) Crown Copyrigh  2004-2010Based on an example timetable in the TransXChange Schema User Guide.2010 02.10 2.4	PTIC-028 Wprkflow attributes	PTIC-040 Scottish holidays inc Jan2 displacement and  StAndrewsDay2006 12 29 	revised frequency   not to be frequent service--><TransXChange xmlns="http://www.transxchange.org.uk/" xmlns:xsi="http://www.w3.org/2001/XMLSchema-instance" xsi:schemaLocation="http://www.transxchange.org.uk/../../TransXChange_registration.xsd" xmlns:apd="http://www.govtalk.gov.uk/people/AddressAndPersonalDetails" xml:lang="en" CreationDateTime="2004-04-14T14:20:00-05:00" ModificationDateTime="2004-04-14T14:20:00-05:00" Modification="new" RevisionNumber="0" FileName="hailandride.xml" SchemaVersion="2.4" RegistrationDocument="true">	<StopPoints>		<StopPoint CreationDateTime="2004-06-09T14:20:00-05:00">			<AtcoCode>140012345670</AtcoCode>			<Descriptor>				<CommonName>Gibbon Road</CommonName>				<Landmark>Opp Red Lion PH</Landmark>				<Street>Gibbon Road</Street>			</Descriptor>			<Place>				<NptgLocalityRef>E0046047</NptgLocalityRef>				<Location>					<Easting>543975</Easting>					<Northing>100795</Northing>				</Location>			</Place>			<StopClassification>				<StopType>BCT</StopType>				<OnStreet>					<Bus>						<BusStopType>HAR</BusStopType>						<TimingStatus>PTP</TimingStatus>						<HailAndRideSection>							<StartPoint>								<Easting>543531</Easting>								<Northing>100572</Northing>							</StartPoint>							<EndPoint>								<Easting>544536</Easting>								<Northing>100516</Northing>							</EndPoint>						</HailAndRideSection>					</Bus>				</OnStreet>			</StopClassification>			<AdministrativeAreaRef>079</AdministrativeAreaRef>		</StopPoint>		<StopPoint CreationDateTime="2004-06-09T14:20:00-05:00">			<AtcoCode>140012345678</AtcoCode>			<Descriptor>				<CommonName>Northdown Road</CommonName>				<Landmark>Newhaven Downs Hospital</Landmark>				<Street>Northdown Road</Street>			</Descriptor>			<Place>				<NptgLocalityRef>E0046047</NptgLocalityRef>				<Location>					<Easting>543915</Easting>					<Northing>100785</Northing>				</Location>			</Place>			<StopClassification>				<StopType>BCT</StopType>				<OnStreet>					<Bus>						<BusStopType>HAR</BusStopType>						<TimingStatus>PTP</TimingStatus>						<HailAndRideSection>							<StartPoint>								<Easting>544300</Easting>								<Northing>101000</Northing>							</StartPoint>							<EndPoint>								<Easting>544531</Easting>								<Northing>10571</Northing>							</EndPoint>						</HailAndRideSection>					</Bus>				</OnStreet>			</StopClassification>			<AdministrativeAreaRef>079</AdministrativeAreaRef>		</StopPoint>		<StopPoint CreationDateTime="2004-06-09T14:20:00-05:00">			<AtcoCode>140012345673</AtcoCode>			<Descriptor>				<CommonName>Fortis Road</CommonName>				<Landmark>Fortis Road</Landmark>				<Street>Fortis Road</Street>			</Descriptor>			<Place>				<NptgLocalityRef>E0046047</NptgLocalityRef>				<Location>					<Easting>543528</Easting>					<Northing>100858</Northing>				</Location>			</Place>			<StopClassification>				<StopType>BCT</StopType>				<OnStreet>					<Bus>						<BusStopType>HAR</BusStopType>						<TimingStatus>PTP</TimingStatus>						<HailAndRideSection>							<StartPoint>								<Easting>543536</Easting>								<Northing>100516</Northing>							</StartPoint>							<EndPoint>								<Easting>544520</Easting>								<Northing>101200</Northing>							</EndPoint>							<Bearing>								<CompassPoint>N</CompassPoint>							</Bearing>						</HailAndRideSection>					</Bus>				</OnStreet>			</StopClassification>			<AdministrativeAreaRef>079</AdministrativeAreaRef>		</StopPoint>		<AnnotatedStopPointRef>			<StopPointRef>140012345680</StopPointRef>			<CommonName>Newhaven Centre</CommonName>			<LocalityName>Newhaven</LocalityName>		</AnnotatedStopPointRef>		<AnnotatedStopPointRef>			<StopPointRef>140012345681</StopPointRef>			<CommonName>South Heighton</CommonName>			<LocalityName>Newhaven</LocalityName>		</AnnotatedStopPointRef>		<AnnotatedStopPointRef>			<StopPointRef>140012345682</StopPointRef>			<CommonName>Seaview Road</CommonName>			<LocalityName>Newhaven</LocalityName>		</AnnotatedStopPointRef>	</StopPoints>	<RouteSections>		<RouteSection id="rs_b1">			<!--    Seaview Road - South Heighton -->			<RouteLink id="rl_b5">				<From>					<StopPointRef>140012345682</StopPointRef>				</From>				<To>					<StopPointRef>140012345681</StopPointRef>				</To>				<Distance>4512</Distance>			</RouteLink>			<!--    South Heighton - Newhaven (Centre) - -->			<RouteLink id="rl_b6">				<From>					<StopPointRef>140012345681</StopPointRef>				</From>				<To>					<StopPointRef>140012345680</StopPointRef>				</To>				<Distance>5573</Distance>			</RouteLink>		</RouteSection>		<RouteSection id="rs_b2">			<!-- Newhaven (Centre)  - Northdown Road -->			<RouteLink id="rl_b1">				<From>					<StopPointRef>140012345680</StopPointRef>				</From>				<To>					<StopPointRef>140012345678</StopPointRef>				</To>				<Distance>6046</Distance>			</RouteLink>			<!-- Northdown Road - Gibbon Road -->			<RouteLink id="rl_b2">				<From>					<StopPointRef>140012345678</StopPointRef>				</From>				<To>					<StopPointRef>140012345670</StopPointRef>				</To>				<Distance>5573</Distance>			</RouteLink>			<!-- Gibbon Road - Fortis Road  -->			<RouteLink id="rl_b3">				<From>					<StopPointRef>140012345670</StopPointRef>				</From>				<To>					<StopPointRef>140012345673</StopPointRef>				</To>				<Distance>4512</Distance>			</RouteLink>			<!--   Fortis Road - Newhaven (Centre)   -->			<RouteLink id="rl_b4">				<From>					<StopPointRef>140012345673</StopPointRef>				</From>				<To>					<StopPointRef>140012345680</StopPointRef>				</To>				<Distance>6046</Distance>			</RouteLink>		</RouteSection>		<RouteSection id="rs_b3">			<!--    Newhaven (Centre) - South Heighton -->			<RouteLink id="rl_b7">				<From>					<StopPointRef>140012345680</StopPointRef>				</From>				<To>					<StopPointRef>140012345681</StopPointRef>				</To>				<Distance>5573</Distance>			</RouteLink>			<!--    South Heighton - Seaview Road-->			<RouteLink id="rl_b8">				<From>					<StopPointRef>140012345681</StopPointRef>				</From>				<To>					<StopPointRef>140012345682</StopPointRef>				</To>				<Distance>4512</Distance>			</RouteLink>		</RouteSection>	</RouteSections>	<Routes>		<Route id="6750">			<Description xml:lang="en">Suborn, Bus Station to Egham, Golden Lion</Description>			<RouteSectionRef>rs_b1</RouteSectionRef>			<RouteSectionRef>rs_b2</RouteSectionRef>			<RouteSectionRef>rs_b3</RouteSectionRef>		</Route>	</Routes>	<JourneyPatternSections>		<!--    Newhaven (Centre)  - Seaview Road-->		<JourneyPatternSection id="js_b1">			<!--    - Seaview Road - South Heighton   -->			<JourneyPatternTimingLink id="jptl_b5">				<From>					<StopPointRef>140012345682</StopPointRef>					<TimingStatus>PTP</TimingStatus>				</From>				<To>					<StopPointRef>140012345681</StopPointRef>					<TimingStatus>PTP</TimingStatus>				</To>				<RouteLinkRef>rl_b5</RouteLinkRef>				<Direction>outbound</Direction>				<RunTime>PT20M</RunTime>			</JourneyPatternTimingLink>			<JourneyPatternTimingLink id="jptl_b6">				<From>					<Activity>pickUpAndSetDown</Activity>					<StopPointRef>140012345681</StopPointRef>					<TimingStatus>PTP</TimingStatus>				</From>				<To>					<StopPointRef>140012345680</StopPointRef>					<TimingStatus>PTP</TimingStatus>				</To>				<RouteLinkRef>rl_b6</RouteLinkRef>				<Direction>outbound</Direction>				<RunTime>PT10M</RunTime>			</JourneyPatternTimingLink>		</JourneyPatternSection>		<!--    Northdown/Gibbon/Fortis road loop -->		<JourneyPatternSection id="js_b2">			<JourneyPatternTimingLink id="jptl_b1">				<HailAndRide>true</HailAndRide>				<From>					<Activity>pickUpAndSetDown</Activity>					<StopPointRef>140012345680</StopPointRef>					<TimingStatus>PTP</TimingStatus>				</From>				<To>					<StopPointRef>140012345678</StopPointRef>					<TimingStatus>PTP</TimingStatus>				</To>				<RouteLinkRef>rl_b1</RouteLinkRef>				<Direction>outbound</Direction>				<RunTime>PT10M</RunTime>			</JourneyPatternTimingLink>			<JourneyPatternTimingLink id="jptl_b2">				<HailAndRide>true</HailAndRide>				<From>					<StopPointRef>140012345678</StopPointRef>					<TimingStatus>PTP</TimingStatus>				</From>				<To>					<StopPointRef>140012345670</StopPointRef>					<TimingStatus>PTP</TimingStatus>				</To>				<RouteLinkRef>rl_b2</RouteLinkRef>				<Direction>outbound</Direction>				<RunTime>PT10M</RunTime>			</JourneyPatternTimingLink>			<JourneyPatternTimingLink id="jptl_b3">				<HailAndRide>true</HailAndRide>				<From>					<StopPointRef>140012345670</StopPointRef>					<TimingStatus>PTP</TimingStatus>				</From>				<To>					<StopPointRef>140012345673</StopPointRef>					<TimingStatus>PTP</TimingStatus>				</To>				<RouteLinkRef>rl_b3</RouteLinkRef>				<Direction>outbound</Direction>				<RunTime>PT10M</RunTime>			</JourneyPatternTimingLink>			<JourneyPatternTimingLink id="jptl_b4">				<HailAndRide>true</HailAndRide>				<From>					<StopPointRef>140012345673</StopPointRef>					<TimingStatus>PTP</TimingStatus>				</From>				<To>					<Activity>setDown</Activity>					<StopPointRef>140012345680</StopPointRef>					<TimingStatus>PTP</TimingStatus>				</To>				<RouteLinkRef>rl_b4</RouteLinkRef>				<Direction>outbound</Direction>				<RunTime>PT10M</RunTime>			</JourneyPatternTimingLink>		</JourneyPatternSection>		<!--    Newhaven (Centre) - Seaview Road-->		<JourneyPatternSection id="js_b3">			<!--    South Heighton - Seaview Road-->			<JourneyPatternTimingLink id="jptl_7">				<From>					<Activity>pickUpAndSetDown</Activity>					<StopPointRef>140012345680</StopPointRef>					<TimingStatus>PTP</TimingStatus>				</From>				<To>					<StopPointRef>140012345681</StopPointRef>					<TimingStatus>PTP</TimingStatus>				</To>				<RouteLinkRef>rl_b7</RouteLinkRef>				<Direction>outbound</Direction>				<RunTime>PT10M</RunTime>			</JourneyPatternTimingLink>			<!--    South Heighton - Seaview Road-->			<JourneyPatternTimingLink id="jptl_8">				<From>					<StopPointRef>140012345681</StopPointRef>					<TimingStatus>PTP</TimingStatus>				</From>				<To>					<StopPointRef>140012345682</StopPointRef>					<TimingStatus>PTP</TimingStatus>				</To>				<RouteLinkRef>rl_b8</RouteLinkRef>				<Direction>outbound</Direction>				<RunTime>PT20M</RunTime>			</JourneyPatternTimingLink>		</JourneyPatternSection>	</JourneyPatternSections>	<Operators>		<LicensedOperator id="O1">			<NationalOperatorCode>ABC</NationalOperatorCode>			<OperatorCode>ABC</OperatorCode>			<OperatorShortName>ABC Buses</OperatorShortName>			<OperatorNameOnLicence>ABC Buses and Services</OperatorNameOnLicence>			<LicenceNumber>AB1234576</LicenceNumber>			<LicenceClassification>standardNational</LicenceClassification>			<EnquiryTelephoneNumber>				<TelNationalNumber>0207123456</TelNationalNumber>			</EnquiryTelephoneNumber>			<ContactTelephoneNumber>				<TelNationalNumber>0207654321</TelNationalNumber>			</ContactTelephoneNumber>			<OperatorAddresses>				<CorrespondenceAddress>					<apd:Line>27 Cursit Street</apd:Line>					<apd:Line>London</apd:Line>					<apd:PostCode>EC4A 1LT</apd:PostCode>				</CorrespondenceAddress>				<MiscellaneousAddress>					<apd:Line>12 Yorrick Avenue</apd:Line>					<apd:Line>35th Floor</apd:Line>					<apd:Line>Flumborough</apd:Line>					<apd:Line>Thark</apd:Line>					<apd:PostCode>BR8 7TR</apd:PostCode>				</MiscellaneousAddress>			</OperatorAddresses>			<EmailAddress>enquires@ABCBuses.com</EmailAddress>		</LicensedOperator>	</Operators>	<Services>		<Service>			<ServiceCode>sv1</ServiceCode>			<Lines>				<Line id="l_1">					<LineName>H145</LineName>				</Line>			</Lines>			<OperatingPeriod>				<StartDate>2004-09-22</StartDate>			</OperatingPeriod>			<OperatingProfile>				<RegularDayType>					<DaysOfWeek>						<MondayToSunday/>					</DaysOfWeek>				</RegularDayType>				<SpecialDaysOperation/>				<BankHolidayOperation>					<DaysOfNonOperation>						<ChristmasDay/>						<BoxingDay/>						<GoodFriday/>						<NewYearsDay/>						<Jan2ndScotland/>					<StAndrewsDay/>						<MayDay/>						<EasterMonday/>						<SpringBank/>						<AugustBankHolidayScotland/>						<ChristmasDayHoliday/>						<BoxingDayHoliday/>						<NewYearsDayHoliday/>						<Jan2ndScotlandHoliday/>	<StAndrewsDayHoliday/>					</DaysOfNonOperation>				</BankHolidayOperation>			</OperatingProfile>			<ServiceClassification>				<HailAndRide/>			</ServiceClassification>			<RegisteredOperatorRef>O1</RegisteredOperatorRef>			<StopRequirements>				<NewStops>					<StopPointRef>140012345670</StopPointRef>					<StopPointRef>140012345678</StopPointRef>					<StopPointRef>140012345673</StopPointRef>				</NewStops>			</StopRequirements>			<Description>Outbound Services to Newhaven Hospital. A hail and ride service operating daily.</Description>			<SchematicMap>hailandride.png</SchematicMap>			<StandardService>				<Origin>Newhaven Seaview Road</Origin>				<Destination>Newhaven Hospital</Destination>				<UseAllStopPoints>false</UseAllStopPoints>				<JourneyPattern id="jp_b1">					<Direction>outbound</Direction>					<RouteRef>6750</RouteRef>					<JourneyPatternSectionRefs>js_b1</JourneyPatternSectionRefs>					<JourneyPatternSectionRefs>js_b2</JourneyPatternSectionRefs>					<JourneyPatternSectionRefs>js_b3</JourneyPatternSectionRefs>				</JourneyPattern>			</StandardService>		</Service>	</Services>	<VehicleJourneys>		<VehicleJourney>			<DestinationDisplay>Newhaven</DestinationDisplay>			<Direction>outbound</Direction>			<VehicleJourneyCode>vj_1</VehicleJourneyCode>			<ServiceRef>sv1</ServiceRef>			<LineRef>l_1</LineRef>			<JourneyPatternRef>jp_b1</JourneyPatternRef>			<DepartureTime>10:10:00</DepartureTime>			<Frequency>				<EndTime>16:42:00</EndTime>				<MinutesPastTheHour>					<Minutes>10</Minutes>					<Minutes>42</Minutes>				</MinutesPastTheHour>				<FrequentService>false</FrequentService>			</Frequency>		</VehicleJourney>		<VehicleJourney>			<DestinationDisplay>Nehaven</DestinationDisplay>			<Direction>outbound</Direction>			<VehicleJourneyCode>vj_2</VehicleJourneyCode>			<ServiceRef>sv1</ServiceRef>			<LineRef>l_1</LineRef>			<VehicleJourneyRef>vj_1</VehicleJourneyRef>			<DepartureTime>19:00:00</DepartureTime>		</VehicleJourney>	</VehicleJourneys>	<Registrations>		<Registration>			<ServiceRef>sv1</ServiceRef>			<SubmissionDate>2004-03-04</SubmissionDate>			<VosaRegistrationNumber>				<TanCode>PB</TanCode>				<LicenceNumber>1234567</LicenceNumber>				<RegistrationNumber>001</RegistrationNumber>			</VosaRegistrationNumber>			<ApplicationClassification>new</ApplicationClassification><RegistrationWorkflowStatus>draft</RegistrationWorkflowStatus><RegistrationVariantNature>all</RegistrationVariantNature><StatutoryChange>true</StatutoryChange>			<VariationNumber>1</VariationNumber>			<SubmissionAuthor>				<Position>Operations Director</Position>				<Title>Mr</Title>				<Forename>Adam</Forename>				<Surname>Smith</Surname>			</SubmissionAuthor>			<TrafficAreas>				<TrafficArea>					<TrafficAreaName>SouthEastMetropolitan</TrafficAreaName>				</TrafficArea>			</TrafficAreas>			<CirculatedAuthorities>				<CirculatedAuthority>					<AuthorityName>BrightonAndHove</AuthorityName>				</CirculatedAuthority>			</CirculatedAuthorities>			<SubsidyDetails>				<NoSubsidy/>			</SubsidyDetails>			<ShortNoticeRegistration>				<PublicAvailability>					<NotAvailableToPublic>						<NonAvailabilityDescription>Not available for wheel chair users</NonAvailabilityDescription>					</NotAvailableToPublic>				</PublicAvailability>				<ChangeImpact>					<ChangeDoesNotExceedLimit>						<MinorChangeDescription>On board refreshments will no longer be served.</MinorChangeDescription>					</ChangeDoesNotExceedLimit>				</ChangeImpact>				<BankHolidayChange>1</BankHolidayChange>				<ChangeToConnectAlteredService>					<AlteredServiceRequiringConnection>						<Description>L0C from Hastings</Description>					</AlteredServiceRequiringConnection>				</ChangeToConnectAlteredService>				<RegulationOrderCompliance>					<TrafficOrderNote xml:lang="en">The service is provided to support regulation order XY/578767</TrafficOrderNote>				</RegulationOrderCompliance>				<ChangeRequestedByExternalAuthority>					<ChangeRequestDescription xml:lang="en">Change was requested by County Council</ChangeRequestDescription>				</ChangeRequestedByExternalAuthority>			</ShortNoticeRegistration>		</Registration>	</Registrations>	<SupportingDocuments>		<SupportingDocument>			<DocumentUri>index.html</DocumentUri>		</SupportingDocument>	</SupportingDocuments></TransXChange>