<?xml version="1.0" encoding="UTF-8"?><!--  TRANSXCHANGE EXAMPLE: GroupingCreated:Nick Knowles, Kizoom, 30 March 2010(C) Crown Copyrigh   20102010.02.03 TXC v2.4	PTIC042 Marketing name example on service    PTIC-031 Authorities uneverified name    PTIC-035 Add Calendar--><TransXChange xmlns="http://www.transxchange.org.uk/" xmlns:xsi="http://www.w3.org/2001/XMLSchema-instance" xsi:schemaLocation="http://www.transxchange.org.uk/../../TransXChange_registration.xsd" xmlns:apd="http://www.govtalk.gov.uk/people/AddressAndPersonalDetails" xml:lang="en" CreationDateTime="2004-04-14T14:20:00-05:00" ModificationDateTime="2004-04-14T14:20:00-05:00" Modification="new" RevisionNumber="0" FileName="grouping.xml" SchemaVersion="2.4" DataRightRef="dr_01" RegistrationDocument="true">	<!-- =============STOPS======================================  -->	<ServiceCalendars>		<ServiceCalendar>			<CalendarPeriod>				<StartDate>2010-01-01</StartDate>				<EndDate>2010-12-31</EndDate>			</CalendarPeriod>			<OperatingDays>				<OperatingDay>					<Date>2010-12-23</Date>					<ServiceDayAssignment>						<Holiday>							<HolidayName>								<ChristmasEve/>							</HolidayName>						</Holiday>						<DayTypeRef>day_01</DayTypeRef>					</ServiceDayAssignment>				</OperatingDay>				<OperatingDay>					<Date>2010-12-24</Date>					<ServiceDayAssignment>						<Holiday>							<HolidayName>								<ChristmasDay/>							</HolidayName>						</Holiday>						<DayTypeRef>day_02</DayTypeRef>					</ServiceDayAssignment>				</OperatingDay>				<OperatingDay>					<Date>2010-12-25</Date>					<ServiceDayAssignment>						<Holiday>							<HolidayName>								<BoxingDay/>							</HolidayName>						</Holiday>						<DayTypeRef>day_03</DayTypeRef>					</ServiceDayAssignment>				</OperatingDay>				<OperatingDay>					<Date>2010-06-26</Date>					<ServiceDayAssignment>						<Holiday>							<SpecialHoliday>								<Description>Slevin Day</Description>							</SpecialHoliday>						</Holiday>						<DayTypeRef>day_03</DayTypeRef>					</ServiceDayAssignment>				</OperatingDay>			</OperatingDays>			<DayTypes>				<DayType id="day_01">					<RegularDayType>						<DaysOfWeek>							<MondayToFriday/>						</DaysOfWeek>					</RegularDayType>				</DayType>				<DayType id="day_02">					<RegularDayType>						<DaysOfWeek>							<Saturday/>						</DaysOfWeek>					</RegularDayType>				</DayType>				<DayType id="day_03">					<RegularDayType>						<DaysOfWeek>							<Sunday/>						</DaysOfWeek>					</RegularDayType>				</DayType>			</DayTypes>		</ServiceCalendar>	</ServiceCalendars>	<StopPoints>		<AnnotatedStopPointRef CreationDateTime="2004-04-14T14:20:00-05:00">			<StopPointRef>260048015</StopPointRef>			<CommonName>Saffron Crossroads</CommonName>			<Indicator>outside</Indicator>			<LocalityName>Knighton</LocalityName>		</AnnotatedStopPointRef>		<AnnotatedStopPointRef>			<StopPointRef>260054043</StopPointRef>			<CommonName>Glenhills Boulevard</CommonName>			<Indicator>outside</Indicator>			<LocalityName>Knighton</LocalityName>		</AnnotatedStopPointRef>		<AnnotatedStopPointRef>			<StopPointRef>260054044</StopPointRef>			<CommonName>Roehampton Drive</CommonName>			<Indicator>opposite</Indicator>			<LocalityName>Knighton</LocalityName>		</AnnotatedStopPointRef>		<AnnotatedStopPointRef>			<StopPointRef>260016821</StopPointRef>			<CommonName>Carlton Drive</CommonName>			<Indicator>opposite</Indicator>			<LocalityName>Knighton</LocalityName>		</AnnotatedStopPointRef>		<AnnotatedStopPointRef>			<StopPointRef>260016829</StopPointRef>			<CommonName>Weldon Road</CommonName>			<Indicator>adjacent</Indicator>			<LocalityName>Knighton</LocalityName>		</AnnotatedStopPointRef>	</StopPoints>	<!-- ============= Route SECTIONS======================================  -->	<!-- Route Section 1 Saffron Crossroads to Weldon Road   -->	<RouteSections>		<RouteSection id="RS1">			<!-- Saffron Crossroads to Glenhills Boulevard -->			<RouteLink id="RL1">				<From>					<StopPointRef>260048015</StopPointRef>				</From>				<To>					<StopPointRef>260054043</StopPointRef>				</To>				<Distance>200</Distance>				<Direction>outbound</Direction>			</RouteLink>			<!-- Glenhills Boulevard to Roehampton Drive -->			<RouteLink id="RL2">				<From>					<StopPointRef>260054043</StopPointRef>				</From>				<To>					<StopPointRef>260054044</StopPointRef>				</To>				<Distance>500</Distance>				<Direction>outbound</Direction>			</RouteLink>			<!-- Roehampton Drive to Carlton Drive -->			<RouteLink id="RL3">				<From>					<StopPointRef>260054044</StopPointRef>				</From>				<To>					<StopPointRef>260016821</StopPointRef>				</To>				<Distance>2000</Distance>				<Direction>outbound</Direction>			</RouteLink>			<!-- Carlton Drive to Weldon Road -->			<RouteLink id="RL4">				<From>					<StopPointRef>260016821</StopPointRef>				</From>				<To>					<StopPointRef>260016829</StopPointRef>				</To>				<Distance>1500</Distance>				<Direction>outbound</Direction>			</RouteLink>		</RouteSection>	</RouteSections>	<Routes>		<Route id="R1">			<Description xml:lang="en">Saffron Crossroads to Weldon Road</Description>			<RouteSectionRef>RS1</RouteSectionRef>		</Route>	</Routes>	<!-- =============JOURNEY PATTERN SECTIONS========================  -->	<JourneyPatternSections>		<JourneyPatternSection id="JPS1">			<!-- Saffron Crossroads to Glenhills Boulevard -->			<JourneyPatternTimingLink id="JPTL1">				<From>					<Activity>pickUp</Activity>					<StopPointRef>260048015</StopPointRef>					<TimingStatus>PTP</TimingStatus>				</From>				<To>					<StopPointRef>260054043</StopPointRef>					<TimingStatus>PTP</TimingStatus>				</To>				<RouteLinkRef>RL1</RouteLinkRef>				<Direction>outbound</Direction>				<RunTime>PT3M</RunTime>			</JourneyPatternTimingLink>			<!-- Glenhills Boulevard to Roehampton Drive -->			<JourneyPatternTimingLink id="JPTL2">				<From>					<StopPointRef>260054043</StopPointRef>					<TimingStatus>PTP</TimingStatus>				</From>				<To>					<StopPointRef>260054044</StopPointRef>					<TimingStatus>PTP</TimingStatus>				</To>				<RouteLinkRef>RL2</RouteLinkRef>				<Direction>outbound</Direction>				<RunTime>PT4M</RunTime>			</JourneyPatternTimingLink>			<!-- Roehampton Drive to Carlton Drive -->			<JourneyPatternTimingLink id="JPTL3">				<From>					<StopPointRef>260054044</StopPointRef>					<TimingStatus>PTP</TimingStatus>				</From>				<To>					<StopPointRef>260016821</StopPointRef>					<TimingStatus>PTP</TimingStatus>				</To>				<RouteLinkRef>RL3</RouteLinkRef>				<Direction>outbound</Direction>				<RunTime>PT13M</RunTime>			</JourneyPatternTimingLink>			<!-- Carlton Drive to Weldon Road -->			<JourneyPatternTimingLink id="JPTL4">				<From>					<StopPointRef>260016821</StopPointRef>					<TimingStatus>PTP</TimingStatus>				</From>				<To>					<Activity>setDown</Activity>					<StopPointRef>260016829</StopPointRef>					<TimingStatus>PTP</TimingStatus>				</To>				<RouteLinkRef>RL4</RouteLinkRef>				<Direction>outbound</Direction>				<RunTime>PT9M</RunTime>			</JourneyPatternTimingLink>		</JourneyPatternSection>	</JourneyPatternSections>	<Operators>		<LicensedOperator id="O1">			<OperatorCode>Op_02</OperatorCode>			<OperatorShortName>Speedy Buses Ltd</OperatorShortName>			<OperatorNameOnLicence>Speedy Buses Ltd</OperatorNameOnLicence>			<LicenceNumber>PB2345678</LicenceNumber>			<LicenceClassification>standardNational</LicenceClassification>			<EnquiryTelephoneNumber>				<TelNationalNumber>0207123456</TelNationalNumber>			</EnquiryTelephoneNumber>			<ContactTelephoneNumber>				<TelNationalNumber>0207654321</TelNationalNumber>			</ContactTelephoneNumber>			<ContactFaxNumber>				<TelNationalNumber>0207654322</TelNationalNumber>			</ContactFaxNumber>			<ContactPerson>Sid Mouth</ContactPerson>			<CustomerServiceTelephoneNumber>				<TelNationalNumber>0207654323</TelNationalNumber>			</CustomerServiceTelephoneNumber>			<OperatorAddresses>				<CorrespondenceAddress>					<apd:Line>45 City Road</apd:Line>					<apd:Line>Second Floor</apd:Line>					<apd:Line>Pent House</apd:Line>					<apd:Line>London</apd:Line>					<apd:PostCode>EC1V 3PH</apd:PostCode>				</CorrespondenceAddress>				<MiscellaneousAddress>					<apd:Line>12 Hamlet Avenue</apd:Line>					<apd:Line>35th Floor</apd:Line>					<apd:Line>Bodlington</apd:Line>					<apd:Line>Exeter</apd:Line>					<apd:PostCode>EX8 7TR</apd:PostCode>				</MiscellaneousAddress>			</OperatorAddresses>			<EmailAddress>sid@c</EmailAddress>			<PolicyStatus>ExemptFromFreedomOfInformation</PolicyStatus>			<DataRights>				<DataRight id="dr_01 ">					<TermsOfUse>						<AllowedUse>Unrestricted</AllowedUse>						<TermsOfUseUrl>http://SpeedyBuses.org.uk/terms</TermsOfUseUrl>					</TermsOfUse>					<Copyright>						<CopyrightUrl>http://SpeedyBuses.org.uk/copyright</CopyrightUrl>						<CopyrightStatement>(C) 2010  SpeedyBuses </CopyrightStatement>					</Copyright>					<DataPolicy>						<PolicyStatus>SubjectToFreedomOfInformation</PolicyStatus>						<PolicyUrl>http://SpeedyBuses.org.uk/foi</PolicyUrl>					</DataPolicy>					<VerificationStatus>ProfessionallyVerified</VerificationStatus>				</DataRight>			</DataRights>		</LicensedOperator>		<Contributor>			<OrganisationCode>Corg_01</OrganisationCode>			<WebSite>http://RivalBuses.org.uk</WebSite>			<DataRights>				<DataRight id="dr_02">					<TermsOfUse>						<AllowedUse>CommercialLicence</AllowedUse>						<TermsOfUseUrl>http://RivalBuses.org.uk/terms</TermsOfUseUrl>					</TermsOfUse>					<Copyright>						<CopyrightUrl>http://RivalBuses.org.uk/copyright</CopyrightUrl>						<CopyrightStatement>(C) 2010  Rival Buses </CopyrightStatement>					</Copyright>					<DataPolicy>						<PolicyStatus>ExemptFromFreedomOfInformation</PolicyStatus>						<PolicyUrl>http://RivalBuses.org.uk/foi</PolicyUrl>					</DataPolicy>					<VerificationStatus>ProfessionallyVerified</VerificationStatus>				</DataRight>			</DataRights>		</Contributor>	</Operators>	<Services>		<Service>			<ServiceCode>S1</ServiceCode>			<Lines>				<Line id="L1">					<LineName>E23</LineName>					<MarketingName>Easy23</MarketingName>					<OutboundDescription><Origin> Knighton  Saffron Crossroads </Origin><Destination>Knighton  Weldon Road</Destination><Vias><Via>Roehampton Drive</Via></Vias></OutboundDescription>					<InboundDescription><Origin> Knighton  Weldon Road</Origin><Destination>Knighton Saffron Crossroads</Destination></InboundDescription>					<LineColour>0F7564</LineColour>					<LineImage>http://mybuses//masp/e23.jpeg</LineImage>				</Line>			</Lines>			<OperatingPeriod>				<StartDate>2004-01-01</StartDate>				<EndDate>2004-06-13</EndDate>			</OperatingPeriod>			<OperatingProfile>				<RegularDayType>					<DaysOfWeek>						<NotTuesday/>						<NotThursday/>					</DaysOfWeek>				</RegularDayType>			</OperatingProfile>			<JourneyGroupings>				<OutboundJourneyGroupings>					<MondayToFridayJourneyGrouping>						<Description>E232 Regular </Description>						<Vias>							<Via>Glenhills Boulevard</Via>							<Via>Roehampton Drive</Via>							<Via>Carlton Drive</Via>						</Vias>						<Contents>							<ByOperationalProfile/>						</Contents>					</MondayToFridayJourneyGrouping>					<SaturdayJourneyGrouping>						<Description>E232 Saturday Short Service </Description>						<Vias>							<Via>Glenhills Boulevardreet</Via>						</Vias>						<Contents>							<ByOperationalProfile/>						</Contents>					</SaturdayJourneyGrouping>					<SundayJourneyGrouping>						<Description>Suppress this journey</Description>						<Contents>							<None/>						</Contents>					</SundayJourneyGrouping>				</OutboundJourneyGroupings>				<CustomJourneyGroupings>					<CustomJourneyGrouping id="cusgrp_01">						<Description>E232 Express </Description>						<Vias>							<None/>						</Vias>						<Notes>							<Note>								<NoteCode>N1</NoteCode>								<NoteText>This service is free.</NoteText>							</Note>						</Notes>						<Direction>outbound</Direction>						<VehicleJourneyRefs>							<VehicleJourneyRef>VJ5</VehicleJourneyRef>							<VehicleJourneyRef>VJ6</VehicleJourneyRef>						</VehicleJourneyRefs>					</CustomJourneyGrouping>					<CustomJourneyGrouping id="cusgrp_02">						<Description>E232 Sunday Short  </Description>						<Vias>							<Via>Glenhills Boulevardreet</Via>						</Vias>						<Direction>outbound</Direction>						<VehicleJourneyRefs>							<VehicleJourneyRef>VJ3</VehicleJourneyRef>						</VehicleJourneyRefs>					</CustomJourneyGrouping>				</CustomJourneyGroupings>			</JourneyGroupings>			<ServiceClassification>				<LimitedStops/>			</ServiceClassification>			<RegisteredOperatorRef>O1</RegisteredOperatorRef>			<Description>Outbound daily service between Knighton  Saffron Crossroads and Knighton Weldon Road. Does not run Christmas Day or New Years Day. See timetable notes for further opeartional restrictions. </Description>			<Note>				<NoteCode>N1</NoteCode>				<NoteText>Doesn't run on local festivals</NoteText>			</Note>			<SchematicMap>express.gif</SchematicMap>			<MarketingName>Bloodline Express</MarketingName>			<StandardService>				<Origin>Saffron Crossroads</Origin>				<Destination>Weldon Road</Destination>				<UseAllStopPoints>false</UseAllStopPoints>				<JourneyPattern id="JP1">					<Direction>outbound</Direction>					<RouteRef>R1</RouteRef>					<JourneyPatternSectionRefs>JPS1</JourneyPatternSectionRefs>				</JourneyPattern>			</StandardService>		</Service>	</Services>	<VehicleJourneys>		<!-- Stop at all stops -->		<VehicleJourney>			<VehicleJourneyCode>VJ1</VehicleJourneyCode>			<ServiceRef>S1</ServiceRef>			<LineRef>L1</LineRef>			<JourneyPatternRef>JP1</JourneyPatternRef>			<Note>				<NoteCode>A1</NoteCode>				<NoteText>On board ticket Purchase</NoteText>			</Note>			<DepartureTime>10:00:00</DepartureTime>			<VehicleJourneyTimingLink id="VJTL1">				<JourneyPatternTimingLinkRef>JPTL1</JourneyPatternTimingLinkRef>				<From/>			</VehicleJourneyTimingLink>		</VehicleJourney>		<!-- Don't stop at Roehampton Drive -->		<VehicleJourney>			<VehicleJourneyCode>VJ2</VehicleJourneyCode>			<ServiceRef>S1</ServiceRef>			<LineRef>L1</LineRef>			<JourneyPatternRef>JP1</JourneyPatternRef>			<DepartureTime>11:00:00</DepartureTime>			<VehicleJourneyTimingLink id="VJ2_TL2">				<JourneyPatternTimingLinkRef>JPTL2</JourneyPatternTimingLinkRef>				<To>					<Activity>pass</Activity>				</To>			</VehicleJourneyTimingLink>			<VehicleJourneyTimingLink id="VJ2_TL3">				<JourneyPatternTimingLinkRef>JPTL3</JourneyPatternTimingLinkRef>				<From>					<Activity>pass</Activity>				</From>			</VehicleJourneyTimingLink>		</VehicleJourney>		<!-- Don't stop at Glenhills Boulevard or Carlton Drive  (Express)-->		<VehicleJourney DataRightRef="dr_02">			<VehicleJourneyCode>VJ3</VehicleJourneyCode>			<ServiceRef>S1</ServiceRef>			<LineRef>L1</LineRef>			<JourneyPatternRef>JP1</JourneyPatternRef>			<Note>				<NoteCode>A1</NoteCode>				<NoteText>On board ticket Purchase</NoteText>			</Note>			<DepartureTime>12:00:00</DepartureTime>			<VehicleJourneyTimingLink id="VJ3_TL1">				<JourneyPatternTimingLinkRef>JPTL1</JourneyPatternTimingLinkRef>				<To>					<Activity>pass</Activity>				</To>			</VehicleJourneyTimingLink>			<VehicleJourneyTimingLink id="VJ3_TL2">				<JourneyPatternTimingLinkRef>JPTL2</JourneyPatternTimingLinkRef>				<From>					<Activity>pass</Activity>				</From>			</VehicleJourneyTimingLink>			<VehicleJourneyTimingLink id="VJ3_TL3">				<JourneyPatternTimingLinkRef>JPTL3</JourneyPatternTimingLinkRef>				<To>					<Activity>pass</Activity>				</To>			</VehicleJourneyTimingLink>			<VehicleJourneyTimingLink id="VJ3_TL4">				<JourneyPatternTimingLinkRef>JPTL4</JourneyPatternTimingLinkRef>				<From>					<Activity>pass</Activity>				</From>			</VehicleJourneyTimingLink>		</VehicleJourney>		<!-- Start at Roehampton Drive -->		<VehicleJourney>			<VehicleJourneyCode>VJ4</VehicleJourneyCode>			<ServiceRef>S1</ServiceRef>			<LineRef>L1</LineRef>			<JourneyPatternRef>JP1</JourneyPatternRef>			<StartDeadRun>				<ShortWorking>					<JourneyPatternTimingLinkRef>JPTL3</JourneyPatternTimingLinkRef>				</ShortWorking>			</StartDeadRun>			<DepartureTime>13:07:00</DepartureTime>			<VehicleJourneyTimingLink id="VJ4_TL3">				<JourneyPatternTimingLinkRef>JPTL3</JourneyPatternTimingLinkRef>				<From>					<Activity>pickUp</Activity>				</From>			</VehicleJourneyTimingLink>			<VehicleJourneyTimingLink id="VJ4_TL4">				<JourneyPatternTimingLinkRef>JPTL4</JourneyPatternTimingLinkRef>				<From>					<WaitTime>PT10M</WaitTime>				</From>			</VehicleJourneyTimingLink>		</VehicleJourney>		<!-- Terminate at Roehampton Drive -->		<VehicleJourney>			<OperatingProfile>				<RegularDayType>					<DaysOfWeek>						<Tuesday/>						<Thursday/>					</DaysOfWeek>				</RegularDayType>			</OperatingProfile>			<VehicleJourneyCode>VJ5</VehicleJourneyCode>			<ServiceRef>S1</ServiceRef>			<LineRef>L1</LineRef>			<JourneyPatternRef>JP1</JourneyPatternRef>			<EndDeadRun>				<ShortWorking>					<JourneyPatternTimingLinkRef>JPTL2</JourneyPatternTimingLinkRef>				</ShortWorking>			</EndDeadRun>			<Note>				<NoteCode>A1</NoteCode>				<NoteText>On board ticket Purchase</NoteText>			</Note>			<DepartureTime>14:00:00</DepartureTime>			<VehicleJourneyTimingLink id="VJ5_TL1">				<JourneyPatternTimingLinkRef>JPTL1</JourneyPatternTimingLinkRef>				<RunTime>PT8M</RunTime>				<From>					<WaitTime>PT10M</WaitTime>					<DynamicDestinationDisplay>Roehampton Drive</DynamicDestinationDisplay>				</From>				<To>					<WaitTime>PT10M</WaitTime>					<DynamicDestinationDisplay>Roehampton Drive</DynamicDestinationDisplay>				</To>			</VehicleJourneyTimingLink>			<VehicleJourneyTimingLink id="VJ5_TL2">				<JourneyPatternTimingLinkRef>JPTL2</JourneyPatternTimingLinkRef>				<RunTime>PT9M</RunTime>				<From>					<DynamicDestinationDisplay>Roehampton Drive</DynamicDestinationDisplay>				</From>				<To>					<Activity>setDown</Activity>					<DynamicDestinationDisplay>Roehampton Drive</DynamicDestinationDisplay>				</To>			</VehicleJourneyTimingLink>		</VehicleJourney>		<!-- Terminate at Roehampton Drive -->		<VehicleJourney>			<OperatingProfile>				<RegularDayType>					<DaysOfWeek>						<Tuesday/>						<Thursday/>					</DaysOfWeek>				</RegularDayType>			</OperatingProfile>			<VehicleJourneyCode>VJ6</VehicleJourneyCode>			<ServiceRef>S1</ServiceRef>			<LineRef>L1</LineRef>			<VehicleJourneyRef>VJ5</VehicleJourneyRef>			<EndDeadRun>				<ShortWorking>					<JourneyPatternTimingLinkRef>JPTL2</JourneyPatternTimingLinkRef>				</ShortWorking>			</EndDeadRun>			<DepartureTime>15:00:00</DepartureTime>		</VehicleJourney>		<!--Suppressed Journey -->		<VehicleJourney>			<VehicleJourneyCode>VJ7</VehicleJourneyCode>			<ServiceRef>S1</ServiceRef>			<LineRef>L1</LineRef>			<VehicleJourneyRef>VJ1</VehicleJourneyRef>			<DepartureTime>18:00:00</DepartureTime>		</VehicleJourney>	</VehicleJourneys>	<Registrations>		<Registration>			<ServiceRef>S1</ServiceRef>			<SubmissionDate>20010-02-12</SubmissionDate>			<VosaRegistrationNumber>				<TanCode>PG</TanCode>				<LicenceNumber>123456</LicenceNumber>				<RegistrationNumber>767</RegistrationNumber>			</VosaRegistrationNumber>			<ApplicationClassification>chargeableChange</ApplicationClassification>			<VariationNumber>1</VariationNumber>			<SubmissionAuthor>				<Position>Controller</Position>				<Title>Mr</Title>				<Forename>O.M</Forename>				<Surname>Knibus</Surname>			</SubmissionAuthor>			<TrafficAreas>				<TrafficArea>					<TrafficAreaName> WestMidlands</TrafficAreaName>				</TrafficArea>			</TrafficAreas>			<CirculatedAuthorities>				<CirculatedAuthority>					<AuthorityName> Leicester</AuthorityName>				</CirculatedAuthority>			</CirculatedAuthorities>			<SubsidyDetails>				<NoSubsidy/>			</SubsidyDetails>			<SupportingDocuments>				<SupportingDocument>					<DocumentUri>grouping.png</DocumentUri>				</SupportingDocument>			</SupportingDocuments>		</Registration>	</Registrations>	<SupportingDocuments>		<SupportingDocument>			<DocumentUri>index.html</DocumentUri>		</SupportingDocument>	</SupportingDocuments></TransXChange>