<?xml version="1.0" encoding="UTF-8"?><!--Tom White, Kizoom, 9 June 2004Based on an example timetable in the TransXChange Schema User Guide.20010 04.05 TXC v 2.4 		add origin and destination--><TransXChange xmlns="http://www.transxchange.org.uk/" xmlns:xsi="http://www.w3.org/2001/XMLSchema-instance" xsi:schemaLocation="http://www.transxchange.org.uk/../../TransXChange_registration.xsd"  xmlns:apd="http://www.govtalk.gov.uk/people/AddressAndPersonalDetails" xml:lang="en" CreationDateTime="2004-04-14T14:20:00-05:00" ModificationDateTime="2004-04-14T14:20:00-05:00" Modification="new" RevisionNumber="0" FileName="flexible.xml" SchemaVersion="2.4a" RegistrationDocument="true">	<NptgLocalities>		<AnnotatedNptgLocalityRef>			<NptgLocalityRef>E0052047</NptgLocalityRef>			<LocalityName>Nettleham</LocalityName>		</AnnotatedNptgLocalityRef>		<AnnotatedNptgLocalityRef>			<NptgLocalityRef>E0048303</NptgLocalityRef>			<LocalityName>Sudbrook</LocalityName>		</AnnotatedNptgLocalityRef>		<AnnotatedNptgLocalityRef>			<NptgLocalityRef>E0048217</NptgLocalityRef>			<LocalityName>Reepham</LocalityName>		</AnnotatedNptgLocalityRef>	</NptgLocalities>    <StopPoints>        <StopPoint CreationDateTime="2004-04-14T14:20:00-05:00">            <AtcoCode>0600000201</AtcoCode>            <Descriptor>                <CommonName>Nettleham</CommonName>                <Landmark>Jolly Roger PH</Landmark>                <Street>Nettleham</Street>            </Descriptor>            <Place>                <NptgLocalityRef>E0052047</NptgLocalityRef>                <Location>                    <Easting>523400</Easting>                    <Northing>178600</Northing>                </Location>            </Place>            <StopClassification>                <StopType>BCT</StopType>                <OnStreet>                    <Bus>                        <BusStopType>FLX</BusStopType>                        <TimingStatus>PTP</TimingStatus>                        <FlexibleZone>                            <Location>                                <Easting>523400</Easting>                                <Northing>178600</Northing>                            </Location>                            <Location>                                <Easting>523402</Easting>                                <Northing>178602</Northing>                            </Location>                            <Location>                                <Easting>523403</Easting>                                <Northing>178603</Northing>                            </Location>                        </FlexibleZone>                    </Bus>                </OnStreet>            </StopClassification>            <AdministrativeAreaRef>060</AdministrativeAreaRef>        </StopPoint>        <StopPoint CreationDateTime="2004-04-14T14:20:00-05:00">            <AtcoCode>0600000202</AtcoCode>            <Descriptor>                <CommonName>Sudbrook</CommonName>                <Landmark>Village Hall</Landmark>                <Street>Sudbrook</Street>            </Descriptor>            <Place>                <NptgLocalityRef>E0048303</NptgLocalityRef>                <Location>                    <Easting>523400</Easting>                    <Northing>178600</Northing>                </Location>            </Place>            <StopClassification>                <StopType>BCT</StopType>                <OnStreet>                    <Bus>                        <BusStopType>FLX</BusStopType>                        <TimingStatus>PTP</TimingStatus>                        <FlexibleZone>                            <Location>                                <Easting>523500</Easting>                                <Northing>178500</Northing>                            </Location>                            <Location>                                <Easting>523502</Easting>                                <Northing>178502</Northing>                            </Location>                            <Location>                                <Easting>523503</Easting>                                <Northing>178503</Northing>                            </Location>                        </FlexibleZone>                    </Bus>                </OnStreet>            </StopClassification>            <AdministrativeAreaRef>060</AdministrativeAreaRef>        </StopPoint>        <StopPoint CreationDateTime="2004-04-14T14:20:00-05:00">            <AtcoCode>0600000203</AtcoCode>            <Descriptor>                <CommonName>Cherry Willingham</CommonName>                <Landmark>War Memoriall</Landmark>                <Street>Cherry Willingham</Street>            </Descriptor>            <Place>                <NptgLocalityRef>E0048217</NptgLocalityRef>                <AlternativeNptgLocalities>                    <NptgLocalityRef>E0048278</NptgLocalityRef>                </AlternativeNptgLocalities>                <Location>                    <Easting>523400</Easting>                    <Northing>178600</Northing>                </Location>            </Place>            <StopClassification>                <StopType>BCT</StopType>                <OnStreet>                    <Bus>                        <BusStopType>FLX</BusStopType>                        <TimingStatus>PTP</TimingStatus>                        <FlexibleZone>                            <Location>                                <Easting>523700</Easting>                                <Northing>178700</Northing>                            </Location>                            <Location>                                <Easting>523402</Easting>                                <Northing>178702</Northing>                            </Location>                            <Location>                                <Easting>523403</Easting>                                <Northing>178703</Northing>                            </Location>                        </FlexibleZone>                    </Bus>                </OnStreet>            </StopClassification>            <AdministrativeAreaRef>060</AdministrativeAreaRef>        </StopPoint>        <AnnotatedStopPointRef>            <StopPointRef>0600000101</StopPointRef>            <CommonName>Washingborough Church</CommonName>            <LocalityName>Washingborough</LocalityName>        </AnnotatedStopPointRef>        <AnnotatedStopPointRef>            <StopPointRef>0600000102</StopPointRef>			<CommonName>Washingborough Shop</CommonName>			<LocalityName>Washingborough</LocalityName>        </AnnotatedStopPointRef>        <AnnotatedStopPointRef>            <StopPointRef>0600000103</StopPointRef>            <CommonName>Heighington</CommonName>                        <LocalityName>Heighington</LocalityName>        </AnnotatedStopPointRef>    </StopPoints>    <Operators>        <LicensedOperator id="O1">            <NationalOperatorCode>ABC</NationalOperatorCode>            <OperatorCode>ABC</OperatorCode>            <OperatorShortName>ABC Buses</OperatorShortName>            <OperatorNameOnLicence>ABC Buses and Services</OperatorNameOnLicence>            <LicenceNumber>AB1234567</LicenceNumber>            <LicenceClassification>standardNational</LicenceClassification>            <EnquiryTelephoneNumber>                <TelNationalNumber>0207123456</TelNationalNumber>            </EnquiryTelephoneNumber>            <ContactTelephoneNumber>                <TelNationalNumber>0207654321</TelNationalNumber>            </ContactTelephoneNumber>            <OperatorAddresses>                <CorrespondenceAddress>                    <apd:Line>45 City Road</apd:Line>                    <apd:Line>Second Floor</apd:Line>                    <apd:Line>Pent House</apd:Line>                    <apd:Line>London</apd:Line>                    <apd:PostCode>EC1V 3PH</apd:PostCode>                </CorrespondenceAddress>                <MiscellaneousAddress>                    <apd:Line>12 Hamlet Avenue</apd:Line>                    <apd:Line>35th Floor</apd:Line>                    <apd:Line>Bodlington</apd:Line>                    <apd:Line>Exeter</apd:Line>                    <apd:PostCode>EX8 7TR</apd:PostCode>                </MiscellaneousAddress>            </OperatorAddresses>            <EmailAddress>enquires@ABCBuses.com</EmailAddress>        </LicensedOperator>    </Operators>    <Services>        <Service>            <ServiceCode>FIN50</ServiceCode>            <Lines>                <Line id="l_1">                    <LineName>A1</LineName>                </Line>            </Lines>            <OperatingPeriod>                <StartDate>2005-02-01</StartDate>            </OperatingPeriod>            <OperatingProfile>                <RegularDayType>                    <DaysOfWeek>                        <MondayToFriday/>                    </DaysOfWeek>                </RegularDayType>                <BankHolidayOperation>                    <DaysOfNonOperation>                        <AllBankHolidays/>                        <OtherPublicHoliday>                            <Description>Slevin Day</Description>                            <Date>2005-08-13</Date>                        </OtherPublicHoliday>                        <EarlyRunOffDays/>                    </DaysOfNonOperation>                </BankHolidayOperation>            </OperatingProfile>            <ServiceClassification>                <Flexible/>            </ServiceClassification>            <RegisteredOperatorRef>O1</RegisteredOperatorRef>            <StopRequirements>                <NewStops>                    <StopPointRef>0600000201</StopPointRef>                    <Note>Nettleham Flexible Zone</Note>                    <StopPointRef>0600000202</StopPointRef>                    <Note>Nettleham Flexible Zone</Note>                    <StopPointRef>0600000203</StopPointRef>                    <Note>Cherry Willingham Flexible Zone</Note>                </NewStops>            </StopRequirements>            <Description>Flexible on demand service for Nettleham Area</Description>            <SchematicMap>flexible.png</SchematicMap>            <FlexibleService><Origin>Nettleham</Origin>            <Destination>Cherry Willingham </Destination>                <FlexibleJourneyPattern id="jp_1">                    <Direction>outbound</Direction>                    <FlexibleZones>                        <FlexibleStopUsage>                            <StopPointRef>0600000201</StopPointRef>                        </FlexibleStopUsage>                        <FlexibleStopUsage>                            <Activity>pickUpAndSetDown</Activity>                            <StopPointRef>0600000202</StopPointRef>                        </FlexibleStopUsage>                        <FlexibleStopUsage>                            <Activity>pickUpAndSetDown</Activity>                            <StopPointRef>0600000203</StopPointRef>                        </FlexibleStopUsage>                    </FlexibleZones>                    <FixedStopPoints>                        <FixedStopUsage>                            <StopPointRef>0600000101</StopPointRef>                            <TimingStatus>OTH</TimingStatus>                        </FixedStopUsage>                        <FixedStopUsage>                            <StopPointRef>0600000102</StopPointRef>                            <TimingStatus>OTH</TimingStatus>                        </FixedStopUsage>                        <FixedStopUsage>                            <StopPointRef>0600000103</StopPointRef>                            <TimingStatus>OTH</TimingStatus>                        </FixedStopUsage>                    </FixedStopPoints>                    <BookingArrangements>                        <Description>Call monday to Friday office hours</Description>                        <Phone>                            <TelNationalNumber>020712346987</TelNationalNumber>                        </Phone>                        <Email>me@flexitbusses.org.uk</Email>                        <WebAddress>www.flexitbusses.org.uk/</WebAddress>                        <AllBookingsTaken>true</AllBookingsTaken>                    </BookingArrangements>                </FlexibleJourneyPattern>                 <FlexibleJourneyPattern id="jp_2">                    <Direction>outbound</Direction>                    <FlexibleZones>                        <FlexibleStopUsage>                            <StopPointRef>0600000201</StopPointRef>                        </FlexibleStopUsage>                    </FlexibleZones>                    <FixedStopPoints>                        <FixedStopUsage>                            <StopPointRef>0600000101</StopPointRef>                        </FixedStopUsage>                    </FixedStopPoints>                    <BookingArrangements>                        <Description>Call Monday to Friday office hours</Description>                        <Phone>                            <TelNationalNumber>020712346987</TelNationalNumber>                        </Phone>                        <Email>me@flexitbusses.org.uk</Email>                        <WebAddress>www.flexitbusses.org.uk/</WebAddress>                        <AllBookingsTaken>true</AllBookingsTaken>                    </BookingArrangements>                </FlexibleJourneyPattern>             </FlexibleService>        </Service>    </Services>    <VehicleJourneys>        <!--  ===VJ1 ================================================================================= -->        <FlexibleVehicleJourney>            <DestinationDisplay>Flexible</DestinationDisplay>            <Direction>outbound</Direction>            <VehicleJourneyCode>vj_1</VehicleJourneyCode>            <ServiceRef>FIN50</ServiceRef>            <LineRef>l_1</LineRef>            <JourneyPatternRef>jp_1</JourneyPatternRef>            <FlexibleServiceTimes>                <ServicePeriod>                    <StartTime>09:00:00</StartTime>                    <EndTime>18:00:00</EndTime>                </ServicePeriod>            </FlexibleServiceTimes>        </FlexibleVehicleJourney>        <!--  ===VJ2 ================================================================================= -->        <FlexibleVehicleJourney>            <DestinationDisplay>Various</DestinationDisplay>            <Direction>outbound</Direction>            <OperatingProfile>                <RegularDayType>                    <HolidaysOnly/>                </RegularDayType>                <BankHolidayOperation>                    <DaysOfOperation>                        <HolidayMondays/>                    </DaysOfOperation>                </BankHolidayOperation>            </OperatingProfile>            <Description>Bank Holiday Flexible service for Nettleham, Sudbrook and  Cherry Willingham </Description>            <VehicleJourneyCode>vj_2</VehicleJourneyCode>            <ServiceRef>FIN50</ServiceRef>            <LineRef>l_1</LineRef>            <JourneyPatternRef>jp_1</JourneyPatternRef>            <FlexibleServiceTimes>                <ServicePeriod>                    <StartTime>10:00:00</StartTime>                    <EndTime>12:00:00</EndTime>                </ServicePeriod>                <ServicePeriod>                    <StartTime>14:00:00</StartTime>                    <EndTime>16:00:00</EndTime>                </ServicePeriod>            </FlexibleServiceTimes>        </FlexibleVehicleJourney>        <!--  ===VJ3 ================================================================================= -->        <FlexibleVehicleJourney>            <DestinationDisplay>Flexible</DestinationDisplay>            <Direction>outbound</Direction>            <VehicleJourneyCode>vj_3</VehicleJourneyCode>            <ServiceRef>FIN50</ServiceRef>            <LineRef>l_1</LineRef>            <JourneyPatternRef>jp_2</JourneyPatternRef>            <FlexibleServiceTimes>                <AllDayService/>            </FlexibleServiceTimes>        </FlexibleVehicleJourney>    </VehicleJourneys>    <Registrations>        <Registration>            <ServiceRef>FIN50</ServiceRef>            <SubmissionDate>2004-03-04</SubmissionDate>            <VosaRegistrationNumber>                <TanCode>PB</TanCode>                <LicenceNumber>1234567</LicenceNumber>                <RegistrationNumber>002</RegistrationNumber>            </VosaRegistrationNumber>            <ApplicationClassification>new</ApplicationClassification>            <VariationNumber>1</VariationNumber>            <SubmissionAuthor>                <Position>Operations Director</Position>                <Title>Mr</Title>                <Forename>Adam</Forename>                <Surname>Smith</Surname>            </SubmissionAuthor>            <TrafficAreas>                <TrafficArea>                    <TrafficAreaName>Western</TrafficAreaName>                </TrafficArea>            </TrafficAreas>            <CirculatedAuthorities>                <CirculatedAuthority>                    <AuthorityName>Norfolk</AuthorityName>                </CirculatedAuthority>            </CirculatedAuthorities>            <SubsidyDetails>                <NoSubsidy/>            </SubsidyDetails>        </Registration>    </Registrations>    <SupportingDocuments>        <SupportingDocument>            <DocumentUri>index.html</DocumentUri>        </SupportingDocument>    </SupportingDocuments></TransXChange>